
-------------------------------------------------------------------------------------------------
Event#  Enabling_Time     Delay    Firing_Time    Firing_Tr   Token_ID     Marking(befor firing)  
-----------------------------------------------------------------------------------------------------
     1     0.000000      0.000000       0.000000   ImmTr1           0     0021121121310011100110000000001100001111100110000000000000000
     2     0.000000      1.000000       1.000000   Etimer38         0     0021121121310011101110000000001100001111100100000000000000000
     3     0.000000      1.000000       1.000000   Etimer41         0     0021121121310011101110000000001100001111100100000010000000000
     4     0.000000      1.000000       1.000000   Etimer44         0     0021121121310011101110000000001100001111100100000010000100000
     5     0.000000      1.000000       1.000000   Etimer41         0     0021121121310011101110000000001100001111100100000011000100000
     6     0.000000      1.000000       1.000000   Etimer37         0     0021121121310011101110000000001100001111100100000111000100000
     7     0.000000      1.000000       1.000000   Etimer44         0     0021121121310011101110000000001100001111100100001111000100000
     8     0.000000      1.000000       1.000000   Etimer39         0     0021121121310011101110000000001100001111100100001111000100010
     9     0.000000      1.000000       1.000000   Etimer40         0     0021121121310011101110000000001100001111100100001111010100010
    10     1.000000      1.000000       2.000000   Etimer38         0     0021121121310011101110000000001100001111100100001111011100010
    11     1.000000      1.000000       2.000000   Etimer44         0     0021121121310011101110000000001100001111100100001121011100010
    12     1.000000      1.000000       2.000000   Etimer37         0     0021121121310011101110000000001100001111100100001121011100020
    13     1.000000      1.000000       2.000000   Etimer40         0     0021121121310011101110000000001100001111100100002121011100020
    14     1.000000      1.000000       2.000000   Etimer41         0     0021121121310011101110000000001100001111100100002121012100020
    15     1.000000      1.000000       2.000000   Etimer41         0     0021121121310011101110000000001100001111100100002221012100020
    16     1.000000      1.000000       2.000000   Etimer39         0     0021121121310011101110000000001100001111100100002221012200020
    17     1.000000      1.000000       2.000000   Etimer44         0     0021121121310011101110000000001100001111100100002221022200020
    18     2.000000      1.000000       3.000000   Etimer39         0     0021121121310011101110000000001100001111100100002222022200020
    19     2.000000      1.000000       3.000000   Etimer41         0     0021121121310011101110000000001100001111100100002222032200020
    20     2.000000      1.000000       3.000000   Etimer41         0     0021121121310011101110000000001100001111100100002322032200020
    21     2.000000      1.000000       3.000000   Etimer44         0     0021121121310011101110000000001100001111100100002322032300020
    22     2.000000      1.000000       3.000000   Etimer38         0     0021121121310011101110000000001100001111100100002322032300030
    23     2.000000      1.000000       3.000000   Etimer40         0     0021121121310011101110000000001100001111100100002332032300030
    24     2.000000      1.000000       3.000000   Etimer37         0     0021121121310011101110000000001100001111100100002332033300030
    25     2.000000      1.000000       3.000000   Etimer44         0     0021121121310011101110000000001100001111100100003332033300030
    26     3.000000      1.000000       4.000000   Etimer41         0     0021121121310011101110000000001100001111100100003333033300030
    27     3.000000      1.000000       4.000000   Etimer41         0     0021121121310011101110000000001100001111100100003433033300030
    28     3.000000      1.000000       4.000000   Etimer44         0     0021121121310011101110000000001100001111100100003433033400030
    29     3.000000      1.000000       4.000000   Etimer38         0     0021121121310011101110000000001100001111100100003434033400030
    30     3.000000      1.000000       4.000000   Etimer39         0     0021121121310011101110000000001100001111100100003444033400030
    31     3.000000      1.000000       4.000000   Etimer37         0     0021121121310011101110000000001100001111100100003444043400030
    32     3.000000      1.000000       4.000000   Etimer40         0     0021121121310011101110000000001100001111100100004444043400030
    33     3.000000      1.000000       4.000000   Etimer44         0     0021121121310011101110000000001100001111100100004444044400030
    34     4.000000      1.000000       5.000000   Etimer38         0     0021121121310011101110000000001100001111100100004444044400040
    35     4.000000      1.000000       5.000000   Etimer37         0     0021121121310011101110000000001100001111100100004454044400040
    36     4.000000      1.000000       5.000000   Etimer44         0     0021121121310011101110000000001100001111100100005454044400040
    37     4.000000      1.000000       5.000000   Etimer39         0     0021121121310011101110000000001100001111100100005454044400050
    38     4.000000      1.000000       5.000000   Etimer40         0     0021121121310011101110000000001100001111100100005454054400050
    39     4.000000      1.000000       5.000000   Etimer44         0     0021121121310011101110000000001100001111100100005454055400050
    40     4.000000      1.000000       5.000000   Etimer41         0     0021121121310011101110000000001100001111100100005455055400050
    41     4.000000      1.000000       5.000000   Etimer41         0     0021121121310011101110000000001100001111100100005455055500050
    42     5.000000      1.000000       6.000000   Etimer38         0     0021121121310011101110000000001100001111100100005555055500050
    43     5.000000      1.000000       6.000000   Etimer37         0     0021121121310011101110000000001100001111100100005565055500050
    44     5.000000      1.000000       6.000000   Etimer44         0     0021121121310011101110000000001100001111100100006565055500050
    45     5.000000      1.000000       6.000000   Etimer41         0     0021121121310011101110000000001100001111100100006565055500060
    46     5.000000      1.000000       6.000000   Etimer41         0     0021121121310011101110000000001100001111100100006665055500060
    47     5.000000      1.000000       6.000000   Etimer40         0     0021121121310011101110000000001100001111100100006665055600060
    48     5.000000      1.000000       6.000000   Etimer44         0     0021121121310011101110000000001100001111100100006665056600060
    49     5.000000      1.000000       6.000000   Etimer39         0     0021121121310011101110000000001100001111100100006666056600060
    50     6.000000      1.000000       7.000000   Etimer41         0     0021121121310011101110000000001100001111100100006666066600060
    51     6.000000      1.000000       7.000000   Etimer41         0     0021121121310011101110000000001100001111100100006666066700060
    52     6.000000      1.000000       7.000000   Etimer37         0     0021121121310011101110000000001100001111100100006766066700060
    53     6.000000      1.000000       7.000000   Etimer44         0     0021121121310011101110000000001100001111100100007766066700060
    54     6.000000      1.000000       7.000000   Etimer44         0     0021121121310011101110000000001100001111100100007767066700060
    55     6.000000      1.000000       7.000000   Etimer39         0     0021121121310011101110000000001100001111100100007767066700070
    56     6.000000      1.000000       7.000000   Etimer38         0     0021121121310011101110000000001100001111100100007767076700070
    57     6.000000      1.000000       7.000000   Etimer40         0     0021121121310011101110000000001100001111100100007777076700070
    58     7.000000      1.000000       8.000000   Etimer37         0     0021121121310011101110000000001100001111100100007777077700070
    59     7.000000      1.000000       8.000000   Etimer40         0     0021121121310011101110000000001100001111100100008777077700070
    60     7.000000      1.000000       8.000000   Etimer41         0     0021121121310011101110000000001100001111100100008777078700070
    61     7.000000      1.000000       8.000000   Etimer38         0     0021121121310011101110000000001100001111100100008877078700070
    62     7.000000      1.000000       8.000000   Etimer39         0     0021121121310011101110000000001100001111100100008887078700070
    63     7.000000      1.000000       8.000000   Etimer44         0     0021121121310011101110000000001100001111100100008887088700070
    64     7.000000      1.000000       8.000000   Etimer44         0     0021121121310011101110000000001100001111100100008887088700080
    65     7.000000      1.000000       8.000000   Etimer41         0     0021121121310011101110000000001100001111100100008888088700080
    66     8.000000      1.000000       9.000000   Etimer41         0     0021121121310011101110000000001100001111100100008888088800080
    67     8.000000      1.000000       9.000000   Etimer38         0     0021121121310011101110000000001100001111100100008988088800080
    68     8.000000      1.000000       9.000000   Etimer39         0     0021121121310011101110000000001100001111100100008998088800080
    69     8.000000      1.000000       9.000000   Etimer41         0     0021121121310011101110000000001100001111100100008998098800080
    70     8.000000      1.000000       9.000000   Etimer44         0     0021121121310011101110000000001100001111100100008998098900080
    71     8.000000      1.000000       9.000000   Etimer37         0     0021121121310011101110000000001100001111100100008999098900080
    72     8.000000      1.000000       9.000000   Etimer40         0     0021121121310011101110000000001100001111100100009999098900080
    73     8.000000      1.000000       9.000000   Etimer44         0     0021121121310011101110000000001100001111100100009999099900080
    74     9.000000      1.000000      10.000000   Etimer37         0     0021121121310011101110000000001100001111100100009999099900090
    75     9.000000      1.000000      10.000000   Etimer44         0     002112112131001110111000000000110000111110010000(10)999099900090
    76     9.000000      1.000000      10.000000   Etimer41         0     002112112131001110111000000000110000111110010000(10)99(10)099900090
    77     9.000000      1.000000      10.000000   Etimer39         0     002112112131001110111000000000110000111110010000(10)99(10)099(10)00090
    78     9.000000      1.000000      10.000000   Etimer44         0     002112112131001110111000000000110000111110010000(10)99(10)0(10)9(10)00090
    79     9.000000      1.000000      10.000000   Etimer38         0     002112112131001110111000000000110000111110010000(10)99(10)0(10)9(10)000(10)0
    80     9.000000      1.000000      10.000000   Etimer41         0     002112112131001110111000000000110000111110010000(10)9(10)(10)0(10)9(10)000(10)0
    81     9.000000      1.000000      10.000000   Etimer40         0     002112112131001110111000000000110000111110010000(10)(10)(10)(10)0(10)9(10)000(10)0
    82    10.000000      1.000000      11.000000   Etimer37         0     002112112131001110111000000000110000111110010000(10)(10)(10)(10)0(10)(10)(10)000(10)0
    83    10.000000      1.000000      11.000000   Etimer40         0     002112112131001110111000000000110000111110010000(11)(10)(10)(10)0(10)(10)(10)000(10)0
    84    10.000000      1.000000      11.000000   Etimer44         0     002112112131001110111000000000110000111110010000(11)(10)(10)(10)0(10)(11)(10)000(10)0
    85    10.000000      1.000000      11.000000   Etimer41         0     002112112131001110111000000000110000111110010000(11)(10)(10)(10)0(10)(11)(10)000(11)0
    86    10.000000      1.000000      11.000000   Etimer38         0     002112112131001110111000000000110000111110010000(11)(11)(10)(10)0(10)(11)(10)000(11)0
    87    10.000000      1.000000      11.000000   Etimer39         0     002112112131001110111000000000110000111110010000(11)(11)(11)(10)0(10)(11)(10)000(11)0
    88    10.000000      1.000000      11.000000   Etimer44         0     002112112131001110111000000000110000111110010000(11)(11)(11)(10)0(11)(11)(10)000(11)0
    89    10.000000      1.000000      11.000000   Etimer41         0     002112112131001110111000000000110000111110010000(11)(11)(11)(11)0(11)(11)(10)000(11)0
    90    11.000000      1.000000      12.000000   Etimer41         0     002112112131001110111000000000110000111110010000(11)(11)(11)(11)0(11)(11)(11)000(11)0
    91    11.000000      1.000000      12.000000   Etimer37         0     002112112131001110111000000000110000111110010000(11)(11)(11)(11)0(11)(11)(12)000(11)0
    92    11.000000      1.000000      12.000000   Etimer44         0     002112112131001110111000000000110000111110010000(12)(11)(11)(11)0(11)(11)(12)000(11)0
    93    11.000000      1.000000      12.000000   Etimer44         0     002112112131001110111000000000110000111110010000(12)(11)(11)(11)0(11)(11)(12)000(12)0
    94    11.000000      1.000000      12.000000   Etimer40         0     002112112131001110111000000000110000111110010000(12)(11)(11)(12)0(11)(11)(12)000(12)0
    95    11.000000      1.000000      12.000000   Etimer39         0     002112112131001110111000000000110000111110010000(12)(11)(11)(12)0(11)(12)(12)000(12)0
    96    11.000000      1.000000      12.000000   Etimer41         0     002112112131001110111000000000110000111110010000(12)(11)(11)(12)0(12)(12)(12)000(12)0
    97    11.000000      1.000000      12.000000   Etimer38         0     002112112131001110111000000000110000111110010000(12)(12)(11)(12)0(12)(12)(12)000(12)0
    98    12.000000      1.000000      13.000000   Etimer39         0     002112112131001110111000000000110000111110010000(12)(12)(12)(12)0(12)(12)(12)000(12)0
    99    12.000000      1.000000      13.000000   Etimer44         0     002112112131001110111000000000110000111110010000(12)(12)(12)(12)0(13)(12)(12)000(12)0
   100    12.000000      1.000000      13.000000   Etimer40         0     002112112131001110111000000000110000111110010000(12)(12)(12)(12)0(13)(12)(12)000(13)0
   101    12.000000      1.000000      13.000000   Etimer41         0     002112112131001110111000000000110000111110010000(12)(12)(12)(12)0(13)(13)(12)000(13)0
   102    12.000000      1.000000      13.000000   Etimer44         0     002112112131001110111000000000110000111110010000(12)(12)(12)(12)0(13)(13)(13)000(13)0
   103    12.000000      1.000000      13.000000   Etimer38         0     002112112131001110111000000000110000111110010000(12)(12)(12)(13)0(13)(13)(13)000(13)0
   104    12.000000      1.000000      13.000000   Etimer41         0     002112112131001110111000000000110000111110010000(12)(12)(13)(13)0(13)(13)(13)000(13)0
   105    12.000000      1.000000      13.000000   Etimer37         0     002112112131001110111000000000110000111110010000(12)(13)(13)(13)0(13)(13)(13)000(13)0
   106    13.000000      1.000000      14.000000   Etimer40         0     002112112131001110111000000000110000111110010000(13)(13)(13)(13)0(13)(13)(13)000(13)0
   107    13.000000      1.000000      14.000000   Etimer37         0     002112112131001110111000000000110000111110010000(13)(13)(13)(13)0(13)(14)(13)000(13)0
   108    13.000000      1.000000      14.000000   Etimer39         0     002112112131001110111000000000110000111110010000(14)(13)(13)(13)0(13)(14)(13)000(13)0
   109    13.000000      1.000000      14.000000   Etimer44         0     002112112131001110111000000000110000111110010000(14)(13)(13)(13)0(14)(14)(13)000(13)0
   110    13.000000      1.000000      14.000000   Etimer41         0     002112112131001110111000000000110000111110010000(14)(13)(13)(13)0(14)(14)(13)000(14)0
   111    13.000000      1.000000      14.000000   Etimer41         0     002112112131001110111000000000110000111110010000(14)(14)(13)(13)0(14)(14)(13)000(14)0
   112    13.000000      1.000000      14.000000   Etimer44         0     002112112131001110111000000000110000111110010000(14)(14)(13)(13)0(14)(14)(14)000(14)0
   113    13.000000      1.000000      14.000000   Etimer38         0     002112112131001110111000000000110000111110010000(14)(14)(13)(14)0(14)(14)(14)000(14)0
   114    14.000000      1.000000      15.000000   Etimer39         0     002112112131001110111000000000110000111110010000(14)(14)(14)(14)0(14)(14)(14)000(14)0
   115    14.000000      1.000000      15.000000   Etimer41         0     002112112131001110111000000000110000111110010000(14)(14)(14)(14)0(15)(14)(14)000(14)0
   116    14.000000      1.000000      15.000000   Etimer44         0     002112112131001110111000000000110000111110010000(14)(14)(14)(14)0(15)(14)(15)000(14)0
   117    14.000000      1.000000      15.000000   Etimer41         0     002112112131001110111000000000110000111110010000(14)(14)(14)(15)0(15)(14)(15)000(14)0
   118    14.000000      1.000000      15.000000   Etimer38         0     002112112131001110111000000000110000111110010000(14)(15)(14)(15)0(15)(14)(15)000(14)0
   119    14.000000      1.000000      15.000000   Etimer37         0     002112112131001110111000000000110000111110010000(14)(15)(15)(15)0(15)(14)(15)000(14)0
   120    14.000000      1.000000      15.000000   Etimer44         0     002112112131001110111000000000110000111110010000(15)(15)(15)(15)0(15)(14)(15)000(14)0
   121    14.000000      1.000000      15.000000   Etimer40         0     002112112131001110111000000000110000111110010000(15)(15)(15)(15)0(15)(14)(15)000(15)0
   122    15.000000      1.000000      16.000000   Etimer40         0     002112112131001110111000000000110000111110010000(15)(15)(15)(15)0(15)(15)(15)000(15)0
   123    15.000000      1.000000      16.000000   Etimer39         0     002112112131001110111000000000110000111110010000(15)(15)(15)(15)0(15)(16)(15)000(15)0
   124    15.000000      1.000000      16.000000   Etimer41         0     002112112131001110111000000000110000111110010000(15)(15)(15)(15)0(16)(16)(15)000(15)0
   125    15.000000      1.000000      16.000000   Etimer44         0     002112112131001110111000000000110000111110010000(15)(16)(15)(15)0(16)(16)(15)000(15)0
   126    15.000000      1.000000      16.000000   Etimer38         0     002112112131001110111000000000110000111110010000(15)(16)(15)(15)0(16)(16)(15)000(16)0
   127    15.000000      1.000000      16.000000   Etimer41         0     002112112131001110111000000000110000111110010000(15)(16)(16)(15)0(16)(16)(15)000(16)0
   128    15.000000      1.000000      16.000000   Etimer37         0     002112112131001110111000000000110000111110010000(15)(16)(16)(15)0(16)(16)(16)000(16)0
   129    15.000000      1.000000      16.000000   Etimer44         0     002112112131001110111000000000110000111110010000(16)(16)(16)(15)0(16)(16)(16)000(16)0
   130    16.000000      1.000000      17.000000   Etimer40         0     002112112131001110111000000000110000111110010000(16)(16)(16)(16)0(16)(16)(16)000(16)0
   131    16.000000      1.000000      17.000000   Etimer37         0     002112112131001110111000000000110000111110010000(16)(16)(16)(16)0(16)(17)(16)000(16)0
   132    16.000000      1.000000      17.000000   Etimer41         0     002112112131001110111000000000110000111110010000(17)(16)(16)(16)0(16)(17)(16)000(16)0
   133    16.000000      1.000000      17.000000   Etimer38         0     002112112131001110111000000000110000111110010000(17)(16)(16)(16)0(16)(17)(17)000(16)0
   134    16.000000      1.000000      17.000000   Etimer44         0     002112112131001110111000000000110000111110010000(17)(16)(17)(16)0(16)(17)(17)000(16)0
   135    16.000000      1.000000      17.000000   Etimer39         0     002112112131001110111000000000110000111110010000(17)(16)(17)(17)0(16)(17)(17)000(16)0
   136    16.000000      1.000000      17.000000   Etimer44         0     002112112131001110111000000000110000111110010000(17)(16)(17)(17)0(17)(17)(17)000(16)0
   137    16.000000      1.000000      17.000000   Etimer41         0     002112112131001110111000000000110000111110010000(17)(16)(17)(17)0(17)(17)(17)000(17)0
   138    17.000000      1.000000      18.000000   Etimer44         0     002112112131001110111000000000110000111110010000(17)(17)(17)(17)0(17)(17)(17)000(17)0
   139    17.000000      1.000000      18.000000   Etimer39         0     002112112131001110111000000000110000111110010000(17)(17)(17)(18)0(17)(17)(17)000(17)0
   140    17.000000      1.000000      18.000000   Etimer41         0     002112112131001110111000000000110000111110010000(17)(17)(17)(18)0(18)(17)(17)000(17)0
   141    17.000000      1.000000      18.000000   Etimer40         0     002112112131001110111000000000110000111110010000(17)(18)(17)(18)0(18)(17)(17)000(17)0
   142    17.000000      1.000000      18.000000   Etimer38         0     002112112131001110111000000000110000111110010000(17)(18)(17)(18)0(18)(18)(17)000(17)0
   143    17.000000      1.000000      18.000000   Etimer41         0     002112112131001110111000000000110000111110010000(17)(18)(18)(18)0(18)(18)(17)000(17)0
   144    17.000000      1.000000      18.000000   Etimer37         0     002112112131001110111000000000110000111110010000(17)(18)(18)(18)0(18)(18)(18)000(17)0
   145    17.000000      1.000000      18.000000   Etimer44         0     002112112131001110111000000000110000111110010000(18)(18)(18)(18)0(18)(18)(18)000(17)0
   146    18.000000      1.000000      19.000000   Etimer41         0     002112112131001110111000000000110000111110010000(18)(18)(18)(18)0(18)(18)(18)000(18)0
   147    18.000000      1.000000      19.000000   Etimer38         0     002112112131001110111000000000110000111110010000(18)(18)(18)(18)0(18)(18)(19)000(18)0
   148    18.000000      1.000000      19.000000   Etimer40         0     002112112131001110111000000000110000111110010000(18)(18)(19)(18)0(18)(18)(19)000(18)0
   149    18.000000      1.000000      19.000000   Etimer41         0     002112112131001110111000000000110000111110010000(18)(18)(19)(18)0(18)(19)(19)000(18)0
   150    18.000000      1.000000      19.000000   Etimer39         0     002112112131001110111000000000110000111110010000(18)(19)(19)(18)0(18)(19)(19)000(18)0
   151    18.000000      1.000000      19.000000   Etimer44         0     002112112131001110111000000000110000111110010000(18)(19)(19)(18)0(19)(19)(19)000(18)0
   152    18.000000      1.000000      19.000000   Etimer37         0     002112112131001110111000000000110000111110010000(18)(19)(19)(19)0(19)(19)(19)000(18)0
   153    18.000000      1.000000      19.000000   Etimer44         0     002112112131001110111000000000110000111110010000(19)(19)(19)(19)0(19)(19)(19)000(18)0
   154    19.000000      1.000000      20.000000   Etimer44         0     002112112131001110111000000000110000111110010000(19)(19)(19)(19)0(19)(19)(19)000(19)0
   155    19.000000      1.000000      20.000000   Etimer37         0     002112112131001110111000000000110000111110010000(19)(19)(19)(19)0(19)(19)(19)000(20)0
   156    19.000000      1.000000      20.000000   Etimer40         0     002112112131001110111000000000110000111110010000(20)(19)(19)(19)0(19)(19)(19)000(20)0
   157    19.000000      1.000000      20.000000   Etimer41         0     002112112131001110111000000000110000111110010000(20)(19)(19)(19)0(19)(20)(19)000(20)0
   158    19.000000      1.000000      20.000000   Etimer41         0     002112112131001110111000000000110000111110010000(20)(20)(19)(19)0(19)(20)(19)000(20)0
   159    19.000000      1.000000      20.000000   Etimer38         0     002112112131001110111000000000110000111110010000(20)(20)(19)(19)0(19)(20)(20)000(20)0
   160    19.000000      1.000000      20.000000   Etimer44         0     002112112131001110111000000000110000111110010000(20)(20)(20)(19)0(19)(20)(20)000(20)0
   161    19.000000      1.000000      20.000000   Etimer39         0     002112112131001110111000000000110000111110010000(20)(20)(20)(20)0(19)(20)(20)000(20)0
   162    20.000000      1.000000      21.000000   Etimer39         0     002112112131001110111000000000110000111110010000(20)(20)(20)(20)0(20)(20)(20)000(20)0
   163    20.000000      1.000000      21.000000   Etimer44         0     002112112131001110111000000000110000111110010000(20)(20)(20)(20)0(21)(20)(20)000(20)0
   164    20.000000      1.000000      21.000000   Etimer37         0     002112112131001110111000000000110000111110010000(20)(20)(20)(20)0(21)(20)(20)000(21)0
   165    20.000000      1.000000      21.000000   Etimer38         0     002112112131001110111000000000110000111110010000(21)(20)(20)(20)0(21)(20)(20)000(21)0
   166    20.000000      1.000000      21.000000   Etimer44         0     002112112131001110111000000000110000111110010000(21)(20)(21)(20)0(21)(20)(20)000(21)0
   167    20.000000      1.000000      21.000000   Etimer40         0     002112112131001110111000000000110000111110010000(21)(20)(21)(21)0(21)(20)(20)000(21)0
   168    20.000000      1.000000      21.000000   Etimer41         0     002112112131001110111000000000110000111110010000(21)(20)(21)(21)0(21)(21)(20)000(21)0
   169    20.000000      1.000000      21.000000   Etimer41         0     002112112131001110111000000000110000111110010000(21)(20)(21)(21)0(21)(21)(21)000(21)0
   170    21.000000      1.000000      22.000000   Etimer44         0     002112112131001110111000000000110000111110010000(21)(21)(21)(21)0(21)(21)(21)000(21)0
   171    21.000000      1.000000      22.000000   Etimer37         0     002112112131001110111000000000110000111110010000(21)(21)(21)(22)0(21)(21)(21)000(21)0
   172    21.000000      1.000000      22.000000   Etimer38         0     002112112131001110111000000000110000111110010000(22)(21)(21)(22)0(21)(21)(21)000(21)0
   173    21.000000      1.000000      22.000000   Etimer41         0     002112112131001110111000000000110000111110010000(22)(21)(22)(22)0(21)(21)(21)000(21)0
   174    21.000000      1.000000      22.000000   Etimer40         0     002112112131001110111000000000110000111110010000(22)(22)(22)(22)0(21)(21)(21)000(21)0
   175    21.000000      1.000000      22.000000   Etimer39         0     002112112131001110111000000000110000111110010000(22)(22)(22)(22)0(21)(22)(21)000(21)0
   176    21.000000      1.000000      22.000000   Etimer41         0     002112112131001110111000000000110000111110010000(22)(22)(22)(22)0(22)(22)(21)000(21)0
   177    21.000000      1.000000      22.000000   Etimer44         0     002112112131001110111000000000110000111110010000(22)(22)(22)(22)0(22)(22)(22)000(21)0
   178    22.000000      1.000000      23.000000   Etimer39         0     002112112131001110111000000000110000111110010000(22)(22)(22)(22)0(22)(22)(22)000(22)0
   179    22.000000      1.000000      23.000000   Etimer41         0     002112112131001110111000000000110000111110010000(22)(22)(22)(22)0(23)(22)(22)000(22)0
   180    22.000000      1.000000      23.000000   Etimer37         0     002112112131001110111000000000110000111110010000(22)(23)(22)(22)0(23)(22)(22)000(22)0
   181    22.000000      1.000000      23.000000   Etimer41         0     002112112131001110111000000000110000111110010000(23)(23)(22)(22)0(23)(22)(22)000(22)0
   182    22.000000      1.000000      23.000000   Etimer38         0     002112112131001110111000000000110000111110010000(23)(23)(22)(22)0(23)(22)(23)000(22)0
   183    22.000000      1.000000      23.000000   Etimer44         0     002112112131001110111000000000110000111110010000(23)(23)(23)(22)0(23)(22)(23)000(22)0
   184    22.000000      1.000000      23.000000   Etimer44         0     002112112131001110111000000000110000111110010000(23)(23)(23)(23)0(23)(22)(23)000(22)0
   185    22.000000      1.000000      23.000000   Etimer40         0     002112112131001110111000000000110000111110010000(23)(23)(23)(23)0(23)(22)(23)000(23)0
   186    23.000000      1.000000      24.000000   Etimer41         0     002112112131001110111000000000110000111110010000(23)(23)(23)(23)0(23)(23)(23)000(23)0
   187    23.000000      1.000000      24.000000   Etimer40         0     002112112131001110111000000000110000111110010000(23)(24)(23)(23)0(23)(23)(23)000(23)0
   188    23.000000      1.000000      24.000000   Etimer37         0     002112112131001110111000000000110000111110010000(23)(24)(23)(23)0(23)(24)(23)000(23)0
   189    23.000000      1.000000      24.000000   Etimer38         0     002112112131001110111000000000110000111110010000(24)(24)(23)(23)0(23)(24)(23)000(23)0
   190    23.000000      1.000000      24.000000   Etimer41         0     002112112131001110111000000000110000111110010000(24)(24)(24)(23)0(23)(24)(23)000(23)0
   191    23.000000      1.000000      24.000000   Etimer39         0     002112112131001110111000000000110000111110010000(24)(24)(24)(23)0(23)(24)(24)000(23)0
   192    23.000000      1.000000      24.000000   Etimer44         0     002112112131001110111000000000110000111110010000(24)(24)(24)(23)0(24)(24)(24)000(23)0
   193    23.000000      1.000000      24.000000   Etimer44         0     002112112131001110111000000000110000111110010000(24)(24)(24)(23)0(24)(24)(24)000(24)0
   194    24.000000      1.000000      25.000000   Etimer38         0     002112112131001110111000000000110000111110010000(24)(24)(24)(24)0(24)(24)(24)000(24)0
   195    24.000000      1.000000      25.000000   Etimer41         0     002112112131001110111000000000110000111110010000(24)(24)(25)(24)0(24)(24)(24)000(24)0
   196    24.000000      1.000000      25.000000   Etimer44         0     002112112131001110111000000000110000111110010000(24)(24)(25)(24)0(24)(24)(25)000(24)0
   197    24.000000      1.000000      25.000000   Etimer37         0     002112112131001110111000000000110000111110010000(24)(24)(25)(24)0(24)(24)(25)000(25)0
   198    24.000000      1.000000      25.000000   Etimer44         0     002112112131001110111000000000110000111110010000(25)(24)(25)(24)0(24)(24)(25)000(25)0
   199    24.000000      1.000000      25.000000   Etimer41         0     002112112131001110111000000000110000111110010000(25)(24)(25)(25)0(24)(24)(25)000(25)0
   200    24.000000      1.000000      25.000000   Etimer40         0     002112112131001110111000000000110000111110010000(25)(25)(25)(25)0(24)(24)(25)000(25)0
   201    24.000000      1.000000      25.000000   Etimer39         0     002112112131001110111000000000110000111110010000(25)(25)(25)(25)0(24)(25)(25)000(25)0
   202    25.000000      1.000000      26.000000   Etimer41         0     002112112131001110111000000000110000111110010000(25)(25)(25)(25)0(25)(25)(25)000(25)0
   203    25.000000      1.000000      26.000000   Etimer37         0     002112112131001110111000000000110000111110010000(25)(26)(25)(25)0(25)(25)(25)000(25)0
   204    25.000000      1.000000      26.000000   Etimer40         0     002112112131001110111000000000110000111110010000(26)(26)(25)(25)0(25)(25)(25)000(25)0
   205    25.000000      1.000000      26.000000   Etimer39         0     002112112131001110111000000000110000111110010000(26)(26)(25)(25)0(25)(26)(25)000(25)0
   206    25.000000      1.000000      26.000000   Etimer38         0     002112112131001110111000000000110000111110010000(26)(26)(25)(25)0(26)(26)(25)000(25)0
   207    25.000000      1.000000      26.000000   Etimer44         0     002112112131001110111000000000110000111110010000(26)(26)(26)(25)0(26)(26)(25)000(25)0
   208    25.000000      1.000000      26.000000   Etimer44         0     002112112131001110111000000000110000111110010000(26)(26)(26)(26)0(26)(26)(25)000(25)0
   209    25.000000      1.000000      26.000000   Etimer41         0     002112112131001110111000000000110000111110010000(26)(26)(26)(26)0(26)(26)(25)000(26)0
   210    26.000000      1.000000      27.000000   Etimer44         0     002112112131001110111000000000110000111110010000(26)(26)(26)(26)0(26)(26)(26)000(26)0
   211    26.000000      1.000000      27.000000   Etimer37         0     002112112131001110111000000000110000111110010000(26)(26)(26)(26)0(26)(26)(26)000(27)0
   212    26.000000      1.000000      27.000000   Etimer41         0     002112112131001110111000000000110000111110010000(27)(26)(26)(26)0(26)(26)(26)000(27)0
   213    26.000000      1.000000      27.000000   Etimer41         0     002112112131001110111000000000110000111110010000(27)(27)(26)(26)0(26)(26)(26)000(27)0
   214    26.000000      1.000000      27.000000   Etimer39         0     002112112131001110111000000000110000111110010000(27)(27)(26)(26)0(26)(26)(27)000(27)0
   215    26.000000      1.000000      27.000000   Etimer40         0     002112112131001110111000000000110000111110010000(27)(27)(26)(26)0(27)(26)(27)000(27)0
   216    26.000000      1.000000      27.000000   Etimer38         0     002112112131001110111000000000110000111110010000(27)(27)(26)(26)0(27)(27)(27)000(27)0
   217    26.000000      1.000000      27.000000   Etimer44         0     002112112131001110111000000000110000111110010000(27)(27)(27)(26)0(27)(27)(27)000(27)0
   218    27.000000      1.000000      28.000000   Etimer41         0     002112112131001110111000000000110000111110010000(27)(27)(27)(27)0(27)(27)(27)000(27)0
   219    27.000000      1.000000      28.000000   Etimer44         0     002112112131001110111000000000110000111110010000(27)(27)(27)(27)0(27)(27)(28)000(27)0
   220    27.000000      1.000000      28.000000   Etimer38         0     002112112131001110111000000000110000111110010000(27)(27)(27)(28)0(27)(27)(28)000(27)0
   221    27.000000      1.000000      28.000000   Etimer41         0     002112112131001110111000000000110000111110010000(27)(27)(28)(28)0(27)(27)(28)000(27)0
   222    27.000000      1.000000      28.000000   Etimer44         0     002112112131001110111000000000110000111110010000(27)(28)(28)(28)0(27)(27)(28)000(27)0
   223    27.000000      1.000000      28.000000   Etimer37         0     002112112131001110111000000000110000111110010000(27)(28)(28)(28)0(27)(27)(28)000(28)0
   224    27.000000      1.000000      28.000000   Etimer40         0     002112112131001110111000000000110000111110010000(28)(28)(28)(28)0(27)(27)(28)000(28)0
   225    27.000000      1.000000      28.000000   Etimer39         0     002112112131001110111000000000110000111110010000(28)(28)(28)(28)0(27)(28)(28)000(28)0
   226    28.000000      1.000000      29.000000   Etimer37         0     002112112131001110111000000000110000111110010000(28)(28)(28)(28)0(28)(28)(28)000(28)0
   227    28.000000      1.000000      29.000000   Etimer39         0     002112112131001110111000000000110000111110010000(29)(28)(28)(28)0(28)(28)(28)000(28)0
   228    28.000000      1.000000      29.000000   Etimer44         0     002112112131001110111000000000110000111110010000(29)(28)(28)(28)0(29)(28)(28)000(28)0
   229    28.000000      1.000000      29.000000   Etimer41         0     002112112131001110111000000000110000111110010000(29)(28)(28)(29)0(29)(28)(28)000(28)0
   230    28.000000      1.000000      29.000000   Etimer41         0     002112112131001110111000000000110000111110010000(29)(29)(28)(29)0(29)(28)(28)000(28)0
   231    28.000000      1.000000      29.000000   Etimer40         0     002112112131001110111000000000110000111110010000(29)(29)(28)(29)0(29)(28)(29)000(28)0
   232    28.000000      1.000000      29.000000   Etimer44         0     002112112131001110111000000000110000111110010000(29)(29)(28)(29)0(29)(29)(29)000(28)0
   233    28.000000      1.000000      29.000000   Etimer38         0     002112112131001110111000000000110000111110010000(29)(29)(28)(29)0(29)(29)(29)000(29)0
   234    29.000000      1.000000      30.000000   Etimer38         0     002112112131001110111000000000110000111110010000(29)(29)(29)(29)0(29)(29)(29)000(29)0
   235    29.000000      1.000000      30.000000   Etimer39         0     002112112131001110111000000000110000111110010000(29)(29)(30)(29)0(29)(29)(29)000(29)0
   236    29.000000      1.000000      30.000000   Etimer41         0     002112112131001110111000000000110000111110010000(29)(29)(30)(29)0(30)(29)(29)000(29)0
   237    29.000000      1.000000      30.000000   Etimer40         0     002112112131001110111000000000110000111110010000(29)(29)(30)(29)0(30)(29)(30)000(29)0
   238    29.000000      1.000000      30.000000   Etimer44         0     002112112131001110111000000000110000111110010000(29)(29)(30)(29)0(30)(30)(30)000(29)0
   239    29.000000      1.000000      30.000000   Etimer37         0     002112112131001110111000000000110000111110010000(29)(29)(30)(30)0(30)(30)(30)000(29)0
   240    29.000000      1.000000      30.000000   Etimer41         0     002112112131001110111000000000110000111110010000(30)(29)(30)(30)0(30)(30)(30)000(29)0
   241    29.000000      1.000000      30.000000   Etimer44         0     002112112131001110111000000000110000111110010000(30)(30)(30)(30)0(30)(30)(30)000(29)0
   242    30.000000      1.000000      31.000000   Etimer37         0     002112112131001110111000000000110000111110010000(30)(30)(30)(30)0(30)(30)(30)000(30)0
   243    30.000000      1.000000      31.000000   Etimer41         0     002112112131001110111000000000110000111110010000(31)(30)(30)(30)0(30)(30)(30)000(30)0
   244    30.000000      1.000000      31.000000   Etimer38         0     002112112131001110111000000000110000111110010000(31)(30)(30)(30)0(30)(30)(31)000(30)0
   245    30.000000      1.000000      31.000000   Etimer40         0     002112112131001110111000000000110000111110010000(31)(30)(31)(30)0(30)(30)(31)000(30)0
   246    30.000000      1.000000      31.000000   Etimer39         0     002112112131001110111000000000110000111110010000(31)(30)(31)(30)0(30)(31)(31)000(30)0
   247    30.000000      1.000000      31.000000   Etimer44         0     002112112131001110111000000000110000111110010000(31)(30)(31)(30)0(31)(31)(31)000(30)0
   248    30.000000      1.000000      31.000000   Etimer44         0     002112112131001110111000000000110000111110010000(31)(30)(31)(31)0(31)(31)(31)000(30)0
   249    30.000000      1.000000      31.000000   Etimer41         0     002112112131001110111000000000110000111110010000(31)(30)(31)(31)0(31)(31)(31)000(31)0
   250    31.000000      1.000000      32.000000   Etimer39         0     002112112131001110111000000000110000111110010000(31)(31)(31)(31)0(31)(31)(31)000(31)0
   251    31.000000      1.000000      32.000000   Etimer41         0     002112112131001110111000000000110000111110010000(31)(31)(31)(31)0(32)(31)(31)000(31)0
   252    31.000000      1.000000      32.000000   Etimer44         0     002112112131001110111000000000110000111110010000(31)(32)(31)(31)0(32)(31)(31)000(31)0
   253    31.000000      1.000000      32.000000   Etimer38         0     002112112131001110111000000000110000111110010000(31)(32)(31)(32)0(32)(31)(31)000(31)0
   254    31.000000      1.000000      32.000000   Etimer41         0     002112112131001110111000000000110000111110010000(31)(32)(32)(32)0(32)(31)(31)000(31)0
   255    31.000000      1.000000      32.000000   Etimer37         0     002112112131001110111000000000110000111110010000(31)(32)(32)(32)0(32)(31)(32)000(31)0
   256    31.000000      1.000000      32.000000   Etimer44         0     002112112131001110111000000000110000111110010000(32)(32)(32)(32)0(32)(31)(32)000(31)0
   257    31.000000      1.000000      32.000000   Etimer40         0     002112112131001110111000000000110000111110010000(32)(32)(32)(32)0(32)(31)(32)000(32)0
   258    32.000000      1.000000      33.000000   Etimer41         0     002112112131001110111000000000110000111110010000(32)(32)(32)(32)0(32)(32)(32)000(32)0
   259    32.000000      1.000000      33.000000   Etimer37         0     002112112131001110111000000000110000111110010000(32)(32)(32)(32)0(32)(32)(33)000(32)0
   260    32.000000      1.000000      33.000000   Etimer44         0     002112112131001110111000000000110000111110010000(33)(32)(32)(32)0(32)(32)(33)000(32)0
   261    32.000000      1.000000      33.000000   Etimer40         0     002112112131001110111000000000110000111110010000(33)(32)(32)(33)0(32)(32)(33)000(32)0
   262    32.000000      1.000000      33.000000   Etimer39         0     002112112131001110111000000000110000111110010000(33)(32)(32)(33)0(32)(33)(33)000(32)0
   263    32.000000      1.000000      33.000000   Etimer41         0     002112112131001110111000000000110000111110010000(33)(32)(32)(33)0(33)(33)(33)000(32)0
   264    32.000000      1.000000      33.000000   Etimer38         0     002112112131001110111000000000110000111110010000(33)(33)(32)(33)0(33)(33)(33)000(32)0
   265    32.000000      1.000000      33.000000   Etimer44         0     002112112131001110111000000000110000111110010000(33)(33)(33)(33)0(33)(33)(33)000(32)0
   266    33.000000      1.000000      34.000000   Etimer44         0     002112112131001110111000000000110000111110010000(33)(33)(33)(33)0(33)(33)(33)000(33)0
   267    33.000000      1.000000      34.000000   Etimer41         0     002112112131001110111000000000110000111110010000(33)(33)(33)(34)0(33)(33)(33)000(33)0
   268    33.000000      1.000000      34.000000   Etimer37         0     002112112131001110111000000000110000111110010000(33)(34)(33)(34)0(33)(33)(33)000(33)0
   269    33.000000      1.000000      34.000000   Etimer39         0     002112112131001110111000000000110000111110010000(34)(34)(33)(34)0(33)(33)(33)000(33)0
   270    33.000000      1.000000      34.000000   Etimer41         0     002112112131001110111000000000110000111110010000(34)(34)(33)(34)0(34)(33)(33)000(33)0
   271    33.000000      1.000000      34.000000   Etimer38         0     002112112131001110111000000000110000111110010000(34)(34)(33)(34)0(34)(33)(34)000(33)0
   272    33.000000      1.000000      34.000000   Etimer40         0     002112112131001110111000000000110000111110010000(34)(34)(34)(34)0(34)(33)(34)000(33)0
   273    33.000000      1.000000      34.000000   Etimer44         0     002112112131001110111000000000110000111110010000(34)(34)(34)(34)0(34)(34)(34)000(33)0
   274    34.000000      1.000000      35.000000   Etimer41         0     002112112131001110111000000000110000111110010000(34)(34)(34)(34)0(34)(34)(34)000(34)0
   275    34.000000      1.000000      35.000000   Etimer44         0     002112112131001110111000000000110000111110010000(34)(35)(34)(34)0(34)(34)(34)000(34)0
   276    34.000000      1.000000      35.000000   Etimer40         0     002112112131001110111000000000110000111110010000(34)(35)(34)(35)0(34)(34)(34)000(34)0
   277    34.000000      1.000000      35.000000   Etimer41         0     002112112131001110111000000000110000111110010000(34)(35)(34)(35)0(34)(35)(34)000(34)0
   278    34.000000      1.000000      35.000000   Etimer39         0     002112112131001110111000000000110000111110010000(34)(35)(34)(35)0(34)(35)(35)000(34)0
   279    34.000000      1.000000      35.000000   Etimer44         0     002112112131001110111000000000110000111110010000(34)(35)(34)(35)0(35)(35)(35)000(34)0
   280    34.000000      1.000000      35.000000   Etimer38         0     002112112131001110111000000000110000111110010000(34)(35)(34)(35)0(35)(35)(35)000(35)0
   281    34.000000      1.000000      35.000000   Etimer37         0     002112112131001110111000000000110000111110010000(34)(35)(35)(35)0(35)(35)(35)000(35)0
   282    35.000000      1.000000      36.000000   Etimer44         0     002112112131001110111000000000110000111110010000(35)(35)(35)(35)0(35)(35)(35)000(35)0
   283    35.000000      1.000000      36.000000   Etimer39         0     002112112131001110111000000000110000111110010000(35)(35)(35)(36)0(35)(35)(35)000(35)0
   284    35.000000      1.000000      36.000000   Etimer40         0     002112112131001110111000000000110000111110010000(35)(35)(35)(36)0(36)(35)(35)000(35)0
   285    35.000000      1.000000      36.000000   Etimer38         0     002112112131001110111000000000110000111110010000(35)(35)(35)(36)0(36)(36)(35)000(35)0
   286    35.000000      1.000000      36.000000   Etimer37         0     002112112131001110111000000000110000111110010000(35)(35)(36)(36)0(36)(36)(35)000(35)0
   287    35.000000      1.000000      36.000000   Etimer41         0     002112112131001110111000000000110000111110010000(36)(35)(36)(36)0(36)(36)(35)000(35)0
   288    35.000000      1.000000      36.000000   Etimer41         0     002112112131001110111000000000110000111110010000(36)(36)(36)(36)0(36)(36)(35)000(35)0
   289    35.000000      1.000000      36.000000   Etimer44         0     002112112131001110111000000000110000111110010000(36)(36)(36)(36)0(36)(36)(36)000(35)0
   290    36.000000      1.000000      37.000000   Etimer38         0     002112112131001110111000000000110000111110010000(36)(36)(36)(36)0(36)(36)(36)000(36)0
   291    36.000000      1.000000      37.000000   Etimer39         0     002112112131001110111000000000110000111110010000(36)(36)(37)(36)0(36)(36)(36)000(36)0
   292    36.000000      1.000000      37.000000   Etimer41         0     002112112131001110111000000000110000111110010000(36)(36)(37)(36)0(37)(36)(36)000(36)0
   293    36.000000      1.000000      37.000000   Etimer37         0     002112112131001110111000000000110000111110010000(36)(37)(37)(36)0(37)(36)(36)000(36)0
   294    36.000000      1.000000      37.000000   Etimer41         0     002112112131001110111000000000110000111110010000(37)(37)(37)(36)0(37)(36)(36)000(36)0
   295    36.000000      1.000000      37.000000   Etimer44         0     002112112131001110111000000000110000111110010000(37)(37)(37)(36)0(37)(36)(37)000(36)0
   296    36.000000      1.000000      37.000000   Etimer44         0     002112112131001110111000000000110000111110010000(37)(37)(37)(36)0(37)(36)(37)000(37)0
   297    36.000000      1.000000      37.000000   Etimer40         0     002112112131001110111000000000110000111110010000(37)(37)(37)(37)0(37)(36)(37)000(37)0
   298    37.000000      1.000000      38.000000   Etimer40         0     002112112131001110111000000000110000111110010000(37)(37)(37)(37)0(37)(37)(37)000(37)0
   299    37.000000      1.000000      38.000000   Etimer41         0     002112112131001110111000000000110000111110010000(37)(37)(37)(37)0(37)(38)(37)000(37)0
   300    37.000000      1.000000      38.000000   Etimer44         0     002112112131001110111000000000110000111110010000(37)(38)(37)(37)0(37)(38)(37)000(37)0
   301    37.000000      1.000000      38.000000   Etimer38         0     002112112131001110111000000000110000111110010000(37)(38)(37)(38)0(37)(38)(37)000(37)0
   302    37.000000      1.000000      38.000000   Etimer39         0     002112112131001110111000000000110000111110010000(37)(38)(38)(38)0(37)(38)(37)000(37)0
   303    37.000000      1.000000      38.000000   Etimer41         0     002112112131001110111000000000110000111110010000(37)(38)(38)(38)0(38)(38)(37)000(37)0
   304    37.000000      1.000000      38.000000   Etimer37         0     002112112131001110111000000000110000111110010000(37)(38)(38)(38)0(38)(38)(38)000(37)0
   305    37.000000      1.000000      38.000000   Etimer44         0     002112112131001110111000000000110000111110010000(38)(38)(38)(38)0(38)(38)(38)000(37)0
   306     0.000000     38.000000      38.000000   T13              0     002112112131001110111000000000110000111110010000(38)(38)(38)(38)0(38)(38)(38)000(38)0
   307    38.000000      1.000000      39.000000   Etimer41         0     002112112131101110111000000000010000111111010000(38)(38)(38)(38)0(38)(38)(38)000(38)0
   308    38.000000      1.000000      39.000000   Etimer38         0     002112112131101110111000000000010000111111010000(38)(39)(38)(38)0(38)(38)(38)000(38)0
   309    38.000000      1.000000      39.000000   Etimer44         0     002112112131101110111000000000010000111111010000(38)(39)(39)(38)0(38)(38)(38)000(38)0
   310    38.000000      1.000000      39.000000   Etimer41         0     002112112131101110111000000000010000111111010000(38)(39)(39)(39)0(38)(38)(38)000(38)0
   311    38.000000      1.000000      39.000000   Etimer42         0     002112112131101110111000000000010000111111010000(38)(39)(39)(39)0(38)(38)(39)000(38)0
   312    38.000000      1.000000      39.000000   Etimer40         0     002112112131101110111000000000010000111111010000(38)(39)(39)(39)0(38)(38)(39)010(38)0
   313    38.000000      1.000000      39.000000   Etimer44         0     002112112131101110111000000000010000111111010000(38)(39)(39)(39)0(38)(39)(39)010(38)0
   314    38.000000      1.000000      39.000000   Etimer37         0     002112112131101110111000000000010000111111010000(38)(39)(39)(39)0(38)(39)(39)010(39)0
   315    38.000000      1.000000      39.000000   Etimer39         0     002112112131101110111000000000010000111111010000(39)(39)(39)(39)0(38)(39)(39)010(39)0
   316    39.000000      1.000000      40.000000   Etimer44         0     002112112131101110111000000000010000111111010000(39)(39)(39)(39)0(39)(39)(39)010(39)0
   317    39.000000      1.000000      40.000000   Etimer39         0     002112112131101110111000000000010000111111010000(39)(39)(39)(39)0(39)(39)(39)010(40)0
   318    39.000000      1.000000      40.000000   Etimer38         0     002112112131101110111000000000010000111111010000(39)(39)(39)(39)0(40)(39)(39)010(40)0
   319    39.000000      1.000000      40.000000   Etimer44         0     002112112131101110111000000000010000111111010000(39)(39)(40)(39)0(40)(39)(39)010(40)0
   320    39.000000      1.000000      40.000000   Etimer37         0     002112112131101110111000000000010000111111010000(39)(39)(40)(40)0(40)(39)(39)010(40)0
   321    39.000000      1.000000      40.000000   Etimer40         0     002112112131101110111000000000010000111111010000(40)(39)(40)(40)0(40)(39)(39)010(40)0
   322    39.000000      1.000000      40.000000   Etimer42         0     002112112131101110111000000000010000111111010000(40)(39)(40)(40)0(40)(40)(39)010(40)0
   323    39.000000      1.000000      40.000000   Etimer41         0     002112112131101110111000000000010000111111010000(40)(39)(40)(40)0(40)(40)(39)020(40)0
   324    39.000000      1.000000      40.000000   Etimer41         0     002112112131101110111000000000010000111111010000(40)(40)(40)(40)0(40)(40)(39)020(40)0
   325    40.000000      1.000000      41.000000   Etimer41         0     002112112131101110111000000000010000111111010000(40)(40)(40)(40)0(40)(40)(40)020(40)0
   326    40.000000      1.000000      41.000000   Etimer42         0     002112112131101110111000000000010000111111010000(40)(40)(40)(40)0(40)(40)(41)020(40)0
   327    40.000000      1.000000      41.000000   Etimer41         0     002112112131101110111000000000010000111111010000(40)(40)(40)(40)0(40)(40)(41)030(40)0
   328    40.000000      1.000000      41.000000   Etimer44         0     002112112131101110111000000000010000111111010000(40)(41)(40)(40)0(40)(40)(41)030(40)0
   329    40.000000      1.000000      41.000000   Etimer44         0     002112112131101110111000000000010000111111010000(40)(41)(40)(41)0(40)(40)(41)030(40)0
   330    40.000000      1.000000      41.000000   Etimer37         0     002112112131101110111000000000010000111111010000(40)(41)(40)(41)0(40)(40)(41)030(41)0
   331    40.000000      1.000000      41.000000   Etimer40         0     002112112131101110111000000000010000111111010000(41)(41)(40)(41)0(40)(40)(41)030(41)0
   332    40.000000      1.000000      41.000000   Etimer39         0     002112112131101110111000000000010000111111010000(41)(41)(40)(41)0(40)(41)(41)030(41)0
   333    40.000000      1.000000      41.000000   Etimer38         0     002112112131101110111000000000010000111111010000(41)(41)(40)(41)0(41)(41)(41)030(41)0
   334    41.000000      1.000000      42.000000   Etimer39         0     002112112131101110111000000000010000111111010000(41)(41)(41)(41)0(41)(41)(41)030(41)0
   335    41.000000      1.000000      42.000000   Etimer41         0     002112112131101110111000000000010000111111010000(41)(41)(41)(41)0(42)(41)(41)030(41)0
   336    41.000000      1.000000      42.000000   Etimer40         0     002112112131101110111000000000010000111111010000(41)(41)(41)(41)0(42)(41)(42)030(41)0
   337    41.000000      1.000000      42.000000   Etimer42         0     002112112131101110111000000000010000111111010000(41)(41)(41)(41)0(42)(42)(42)030(41)0
   338    41.000000      1.000000      42.000000   Etimer38         0     002112112131101110111000000000010000111111010000(41)(41)(41)(41)0(42)(42)(42)040(41)0
   339    41.000000      1.000000      42.000000   Etimer41         0     002112112131101110111000000000010000111111010000(41)(41)(42)(41)0(42)(42)(42)040(41)0
   340    41.000000      1.000000      42.000000   Etimer44         0     002112112131101110111000000000010000111111010000(41)(42)(42)(41)0(42)(42)(42)040(41)0
   341    41.000000      1.000000      42.000000   Etimer37         0     002112112131101110111000000000010000111111010000(41)(42)(42)(42)0(42)(42)(42)040(41)0
   342    41.000000      1.000000      42.000000   Etimer44         0     002112112131101110111000000000010000111111010000(42)(42)(42)(42)0(42)(42)(42)040(41)0
   343    42.000000      1.000000      43.000000   Etimer40         0     002112112131101110111000000000010000111111010000(42)(42)(42)(42)0(42)(42)(42)040(42)0
   344    42.000000      1.000000      43.000000   Etimer44         0     002112112131101110111000000000010000111111010000(42)(42)(42)(42)0(42)(43)(42)040(42)0
   345    42.000000      1.000000      43.000000   Etimer42         0     002112112131101110111000000000010000111111010000(42)(42)(42)(42)0(42)(43)(42)040(43)0
   346    42.000000      1.000000      43.000000   Etimer41         0     002112112131101110111000000000010000111111010000(42)(42)(42)(42)0(42)(43)(42)050(43)0
   347    42.000000      1.000000      43.000000   Etimer41         0     002112112131101110111000000000010000111111010000(42)(43)(42)(42)0(42)(43)(42)050(43)0
   348    42.000000      1.000000      43.000000   Etimer39         0     002112112131101110111000000000010000111111010000(42)(43)(42)(42)0(42)(43)(43)050(43)0
   349    42.000000      1.000000      43.000000   Etimer37         0     002112112131101110111000000000010000111111010000(42)(43)(42)(42)0(43)(43)(43)050(43)0
   350    42.000000      1.000000      43.000000   Etimer44         0     002112112131101110111000000000010000111111010000(43)(43)(42)(42)0(43)(43)(43)050(43)0
   351    42.000000      1.000000      43.000000   Etimer38         0     002112112131101110111000000000010000111111010000(43)(43)(42)(43)0(43)(43)(43)050(43)0
   352    43.000000      1.000000      44.000000   Etimer40         0     002112112131101110111000000000010000111111010000(43)(43)(43)(43)0(43)(43)(43)050(43)0
   353    43.000000      1.000000      44.000000   Etimer37         0     002112112131101110111000000000010000111111010000(43)(43)(43)(43)0(43)(44)(43)050(43)0
   354    43.000000      1.000000      44.000000   Etimer41         0     002112112131101110111000000000010000111111010000(44)(43)(43)(43)0(43)(44)(43)050(43)0
   355    43.000000      1.000000      44.000000   Etimer39         0     002112112131101110111000000000010000111111010000(44)(44)(43)(43)0(43)(44)(43)050(43)0
   356    43.000000      1.000000      44.000000   Etimer44         0     002112112131101110111000000000010000111111010000(44)(44)(43)(43)0(44)(44)(43)050(43)0
   357    43.000000      1.000000      44.000000   Etimer42         0     002112112131101110111000000000010000111111010000(44)(44)(43)(43)0(44)(44)(43)050(44)0
   358    43.000000      1.000000      44.000000   Etimer44         0     002112112131101110111000000000010000111111010000(44)(44)(43)(43)0(44)(44)(43)060(44)0
   359    43.000000      1.000000      44.000000   Etimer38         0     002112112131101110111000000000010000111111010000(44)(44)(43)(44)0(44)(44)(43)060(44)0
   360    43.000000      1.000000      44.000000   Etimer41         0     002112112131101110111000000000010000111111010000(44)(44)(44)(44)0(44)(44)(43)060(44)0
   361     0.000000     44.000000      44.000000   T14              0     002112112131101110111000000000010000111111010000(44)(44)(44)(44)0(44)(44)(44)060(44)0
   362    44.000000      0.000000      44.000000   ImmTr15          0     002112112131111110111000000000000000111111110000(44)(44)(44)(44)0(44)(44)(44)060(44)0
   363    44.000000      0.000000      44.000000   ImmTr14          0     002112112131101110111000000000001000111111100000(44)(44)(44)(44)0(44)(44)(44)060(44)0
   364    44.000000      0.000000      44.000000   ImmTr13          0     002112112131001110111000000000011000111111000000(44)(44)(44)(44)0(44)(44)(44)060(44)0
   365    44.000000      1.000000      45.000000   Etimer41         0     002112112121001110111000000000111000111110000000(44)(44)(44)(44)0(44)(44)(44)060(44)0
   366    44.000000      1.000000      45.000000   Etimer39         0     002112112121001110111000000000111000111110000000(44)(45)(44)(44)0(44)(44)(44)060(44)0
   367    44.000000      1.000000      45.000000   Etimer40         0     002112112121001110111000000000111000111110000000(44)(45)(44)(44)0(45)(44)(44)060(44)0
   368    44.000000      1.000000      45.000000   Etimer37         0     002112112121001110111000000000111000111110000000(44)(45)(44)(44)0(45)(45)(44)060(44)0
   369    44.000000      1.000000      45.000000   Etimer41         0     002112112121001110111000000000111000111110000000(45)(45)(44)(44)0(45)(45)(44)060(44)0
   370    44.000000      1.000000      45.000000   Etimer38         0     002112112121001110111000000000111000111110000000(45)(45)(44)(44)0(45)(45)(45)060(44)0
   371    45.000000      1.000000      46.000000   Etimer37         0     002112112121001110111000000000111000111110000000(45)(45)(45)(44)0(45)(45)(45)060(44)0
   372    45.000000      1.000000      46.000000   Etimer38         0     002112112121001110111000000000111000111110000000(46)(45)(45)(44)0(45)(45)(45)060(44)0
   373    45.000000      1.000000      46.000000   Etimer39         0     002112112121001110111000000000111000111110000000(46)(45)(46)(44)0(45)(45)(45)060(44)0
   374    45.000000      1.000000      46.000000   Etimer41         0     002112112121001110111000000000111000111110000000(46)(45)(46)(44)0(46)(45)(45)060(44)0
   375    45.000000      1.000000      46.000000   Etimer41         0     002112112121001110111000000000111000111110000000(46)(45)(46)(44)0(46)(45)(46)060(44)0
   376    45.000000      1.000000      46.000000   Etimer40         0     002112112121001110111000000000111000111110000000(46)(46)(46)(44)0(46)(45)(46)060(44)0
   377    46.000000      1.000000      47.000000   Etimer38         0     002112112121001110111000000000111000111110000000(46)(46)(46)(44)0(46)(46)(46)060(44)0
   378    46.000000      1.000000      47.000000   Etimer40         0     002112112121001110111000000000111000111110000000(46)(46)(47)(44)0(46)(46)(46)060(44)0
   379    46.000000      1.000000      47.000000   Etimer39         0     002112112121001110111000000000111000111110000000(46)(46)(47)(44)0(46)(47)(46)060(44)0
   380    46.000000      1.000000      47.000000   Etimer37         0     002112112121001110111000000000111000111110000000(46)(46)(47)(44)0(47)(47)(46)060(44)0
   381    46.000000      1.000000      47.000000   Etimer41         0     002112112121001110111000000000111000111110000000(47)(46)(47)(44)0(47)(47)(46)060(44)0
   382    46.000000      1.000000      47.000000   Etimer41         0     002112112121001110111000000000111000111110000000(47)(47)(47)(44)0(47)(47)(46)060(44)0
   383    47.000000      1.000000      48.000000   Etimer41         0     002112112121001110111000000000111000111110000000(47)(47)(47)(44)0(47)(47)(47)060(44)0
   384    47.000000      1.000000      48.000000   Etimer41         0     002112112121001110111000000000111000111110000000(47)(48)(47)(44)0(47)(47)(47)060(44)0
   385    47.000000      1.000000      48.000000   Etimer37         0     002112112121001110111000000000111000111110000000(47)(48)(47)(44)0(47)(47)(48)060(44)0
   386    47.000000      1.000000      48.000000   Etimer40         0     002112112121001110111000000000111000111110000000(48)(48)(47)(44)0(47)(47)(48)060(44)0
   387    47.000000      1.000000      48.000000   Etimer39         0     002112112121001110111000000000111000111110000000(48)(48)(47)(44)0(47)(48)(48)060(44)0
   388    47.000000      1.000000      48.000000   Etimer38         0     002112112121001110111000000000111000111110000000(48)(48)(47)(44)0(48)(48)(48)060(44)0
   389    48.000000      1.000000      49.000000   Etimer38         0     002112112121001110111000000000111000111110000000(48)(48)(48)(44)0(48)(48)(48)060(44)0
   390    48.000000      1.000000      49.000000   Etimer41         0     002112112121001110111000000000111000111110000000(48)(48)(49)(44)0(48)(48)(48)060(44)0
   391    48.000000      1.000000      49.000000   Etimer37         0     002112112121001110111000000000111000111110000000(48)(49)(49)(44)0(48)(48)(48)060(44)0
   392    48.000000      1.000000      49.000000   Etimer39         0     002112112121001110111000000000111000111110000000(49)(49)(49)(44)0(48)(48)(48)060(44)0
   393    48.000000      1.000000      49.000000   Etimer41         0     002112112121001110111000000000111000111110000000(49)(49)(49)(44)0(49)(48)(48)060(44)0
   394    48.000000      1.000000      49.000000   Etimer40         0     002112112121001110111000000000111000111110000000(49)(49)(49)(44)0(49)(48)(49)060(44)0
   395    49.000000      1.000000      50.000000   Etimer40         0     002112112121001110111000000000111000111110000000(49)(49)(49)(44)0(49)(49)(49)060(44)0
   396    49.000000      1.000000      50.000000   Etimer41         0     002112112121001110111000000000111000111110000000(49)(49)(49)(44)0(49)(50)(49)060(44)0
   397    49.000000      1.000000      50.000000   Etimer37         0     002112112121001110111000000000111000111110000000(49)(49)(49)(44)0(49)(50)(50)060(44)0
   398    49.000000      1.000000      50.000000   Etimer41         0     002112112121001110111000000000111000111110000000(50)(49)(49)(44)0(49)(50)(50)060(44)0
   399    49.000000      1.000000      50.000000   Etimer38         0     002112112121001110111000000000111000111110000000(50)(50)(49)(44)0(49)(50)(50)060(44)0
   400    49.000000      1.000000      50.000000   Etimer39         0     002112112121001110111000000000111000111110000000(50)(50)(50)(44)0(49)(50)(50)060(44)0
   401    50.000000      1.000000      51.000000   Etimer41         0     002112112121001110111000000000111000111110000000(50)(50)(50)(44)0(50)(50)(50)060(44)0
   402    50.000000      1.000000      51.000000   Etimer38         0     002112112121001110111000000000111000111110000000(50)(50)(50)(44)0(50)(50)(51)060(44)0
   403    50.000000      1.000000      51.000000   Etimer37         0     002112112121001110111000000000111000111110000000(50)(50)(51)(44)0(50)(50)(51)060(44)0
   404    50.000000      1.000000      51.000000   Etimer39         0     002112112121001110111000000000111000111110000000(51)(50)(51)(44)0(50)(50)(51)060(44)0
   405    50.000000      1.000000      51.000000   Etimer40         0     002112112121001110111000000000111000111110000000(51)(50)(51)(44)0(51)(50)(51)060(44)0
   406    50.000000      1.000000      51.000000   Etimer41         0     002112112121001110111000000000111000111110000000(51)(50)(51)(44)0(51)(51)(51)060(44)0
   407    51.000000      1.000000      52.000000   Etimer40         0     002112112121001110111000000000111000111110000000(51)(51)(51)(44)0(51)(51)(51)060(44)0
   408    51.000000      1.000000      52.000000   Etimer39         0     002112112121001110111000000000111000111110000000(51)(51)(51)(44)0(51)(52)(51)060(44)0
   409    51.000000      1.000000      52.000000   Etimer38         0     002112112121001110111000000000111000111110000000(51)(51)(51)(44)0(52)(52)(51)060(44)0
   410    51.000000      1.000000      52.000000   Etimer41         0     002112112121001110111000000000111000111110000000(51)(51)(52)(44)0(52)(52)(51)060(44)0
   411    51.000000      1.000000      52.000000   Etimer41         0     002112112121001110111000000000111000111110000000(51)(51)(52)(44)0(52)(52)(52)060(44)0
   412    51.000000      1.000000      52.000000   Etimer37         0     002112112121001110111000000000111000111110000000(51)(52)(52)(44)0(52)(52)(52)060(44)0
   413    52.000000      1.000000      53.000000   Etimer39         0     002112112121001110111000000000111000111110000000(52)(52)(52)(44)0(52)(52)(52)060(44)0
   414    52.000000      1.000000      53.000000   Etimer40         0     002112112121001110111000000000111000111110000000(52)(52)(52)(44)0(53)(52)(52)060(44)0
   415    52.000000      1.000000      53.000000   Etimer41         0     002112112121001110111000000000111000111110000000(52)(52)(52)(44)0(53)(53)(52)060(44)0
   416    52.000000      1.000000      53.000000   Etimer37         0     002112112121001110111000000000111000111110000000(52)(52)(52)(44)0(53)(53)(53)060(44)0
   417    52.000000      1.000000      53.000000   Etimer41         0     002112112121001110111000000000111000111110000000(53)(52)(52)(44)0(53)(53)(53)060(44)0
   418    52.000000      1.000000      53.000000   Etimer38         0     002112112121001110111000000000111000111110000000(53)(53)(52)(44)0(53)(53)(53)060(44)0
   419     0.000000     53.000000      53.000000   T1               0     002112112121001110111000000000111000111110000000(53)(53)(53)(44)0(53)(53)(53)060(44)0
   420    53.000000      1.000000      54.000000   Etimer39         0     102112112121001110011000000000111000111110001000(53)(53)(53)(44)0(53)(53)(53)060(44)0
   421    53.000000      1.000000      54.000000   Etimer41         0     102112112121001110011000000000111000111110001000(53)(53)(53)(44)0(54)(53)(53)060(44)0
   422    53.000000      1.000000      54.000000   Etimer40         0     102112112121001110011000000000111000111110001000(53)(53)(53)(44)0(54)(53)(54)060(44)0
   423    53.000000      1.000000      54.000000   Etimer45         0     102112112121001110011000000000111000111110001000(53)(53)(53)(44)0(54)(54)(54)060(44)0
   424    53.000000      1.000000      54.000000   Etimer41         0     102112112121001110011000000000111000111110001100(53)(53)(53)(44)0(54)(54)(54)060(44)0
   425    53.000000      1.000000      54.000000   Etimer37         0     102112112121001110011000000000111000111110001100(53)(54)(53)(44)0(54)(54)(54)060(44)0
   426    53.000000      1.000000      54.000000   Etimer45         0     102112112121001110011000000000111000111110001100(54)(54)(53)(44)0(54)(54)(54)060(44)0
   427    53.000000      1.000000      54.000000   Etimer38         0     102112112121001110011000000000111000111110001100(54)(54)(53)(44)0(54)(54)(54)060(44)1
   428    54.000000      1.000000      55.000000   Etimer41         0     102112112121001110011000000000111000111110001100(54)(54)(54)(44)0(54)(54)(54)060(44)1
   429    54.000000      1.000000      55.000000   Etimer40         0     102112112121001110011000000000111000111110001100(54)(55)(54)(44)0(54)(54)(54)060(44)1
   430    54.000000      1.000000      55.000000   Etimer41         0     102112112121001110011000000000111000111110001100(54)(55)(54)(44)0(54)(55)(54)060(44)1
   431    54.000000      1.000000      55.000000   Etimer39         0     102112112121001110011000000000111000111110001100(54)(55)(54)(44)0(54)(55)(55)060(44)1
   432    54.000000      1.000000      55.000000   Etimer45         0     102112112121001110011000000000111000111110001100(54)(55)(54)(44)0(55)(55)(55)060(44)1
   433    54.000000      1.000000      55.000000   Etimer37         0     102112112121001110011000000000111000111110001100(54)(55)(54)(44)0(55)(55)(55)060(44)2
   434    54.000000      1.000000      55.000000   Etimer45         0     102112112121001110011000000000111000111110001100(55)(55)(54)(44)0(55)(55)(55)060(44)2
   435    54.000000      1.000000      55.000000   Etimer38         0     102112112121001110011000000000111000111110001200(55)(55)(54)(44)0(55)(55)(55)060(44)2
   436    55.000000      1.000000      56.000000   Etimer45         0     102112112121001110011000000000111000111110001200(55)(55)(55)(44)0(55)(55)(55)060(44)2
   437    55.000000      1.000000      56.000000   Etimer41         0     102112112121001110011000000000111000111110001200(55)(55)(55)(44)0(55)(55)(55)060(44)3
   438    55.000000      1.000000      56.000000   Etimer38         0     102112112121001110011000000000111000111110001200(55)(55)(55)(44)0(55)(55)(56)060(44)3
   439    55.000000      1.000000      56.000000   Etimer45         0     102112112121001110011000000000111000111110001200(55)(55)(56)(44)0(55)(55)(56)060(44)3
   440    55.000000      1.000000      56.000000   Etimer37         0     102112112121001110011000000000111000111110001300(55)(55)(56)(44)0(55)(55)(56)060(44)3
   441    55.000000      1.000000      56.000000   Etimer41         0     102112112121001110011000000000111000111110001300(56)(55)(56)(44)0(55)(55)(56)060(44)3
   442    55.000000      1.000000      56.000000   Etimer39         0     102112112121001110011000000000111000111110001300(56)(56)(56)(44)0(55)(55)(56)060(44)3
   443    55.000000      1.000000      56.000000   Etimer40         0     102112112121001110011000000000111000111110001300(56)(56)(56)(44)0(56)(55)(56)060(44)3
   444    56.000000      1.000000      57.000000   Etimer40         0     102112112121001110011000000000111000111110001300(56)(56)(56)(44)0(56)(56)(56)060(44)3
   445    56.000000      1.000000      57.000000   Etimer41         0     102112112121001110011000000000111000111110001300(56)(56)(56)(44)0(56)(57)(56)060(44)3
   446    56.000000      1.000000      57.000000   Etimer45         0     102112112121001110011000000000111000111110001300(56)(57)(56)(44)0(56)(57)(56)060(44)3
   447    56.000000      1.000000      57.000000   Etimer38         0     102112112121001110011000000000111000111110001400(56)(57)(56)(44)0(56)(57)(56)060(44)3
   448    56.000000      1.000000      57.000000   Etimer39         0     102112112121001110011000000000111000111110001400(56)(57)(57)(44)0(56)(57)(56)060(44)3
   449    56.000000      1.000000      57.000000   Etimer45         0     102112112121001110011000000000111000111110001400(56)(57)(57)(44)0(57)(57)(56)060(44)3
   450    56.000000      1.000000      57.000000   Etimer37         0     102112112121001110011000000000111000111110001400(56)(57)(57)(44)0(57)(57)(56)060(44)4
   451    56.000000      1.000000      57.000000   Etimer41         0     102112112121001110011000000000111000111110001400(57)(57)(57)(44)0(57)(57)(56)060(44)4
   452    57.000000      1.000000      58.000000   Etimer38         0     102112112121001110011000000000111000111110001400(57)(57)(57)(44)0(57)(57)(57)060(44)4
   453    57.000000      1.000000      58.000000   Etimer41         0     102112112121001110011000000000111000111110001400(57)(57)(58)(44)0(57)(57)(57)060(44)4
   454    57.000000      1.000000      58.000000   Etimer45         0     102112112121001110011000000000111000111110001400(57)(57)(58)(44)0(57)(57)(58)060(44)4
   455    57.000000      1.000000      58.000000   Etimer41         0     102112112121001110011000000000111000111110001400(57)(57)(58)(44)0(57)(57)(58)060(44)5
   456    57.000000      1.000000      58.000000   Etimer39         0     102112112121001110011000000000111000111110001400(57)(58)(58)(44)0(57)(57)(58)060(44)5
   457    57.000000      1.000000      58.000000   Etimer37         0     102112112121001110011000000000111000111110001400(57)(58)(58)(44)0(58)(57)(58)060(44)5
   458    57.000000      1.000000      58.000000   Etimer40         0     102112112121001110011000000000111000111110001400(58)(58)(58)(44)0(58)(57)(58)060(44)5
   459    57.000000      1.000000      58.000000   Etimer45         0     102112112121001110011000000000111000111110001400(58)(58)(58)(44)0(58)(58)(58)060(44)5
   460    58.000000      1.000000      59.000000   Etimer38         0     102112112121001110011000000000111000111110001500(58)(58)(58)(44)0(58)(58)(58)060(44)5
   461    58.000000      1.000000      59.000000   Etimer40         0     102112112121001110011000000000111000111110001500(58)(58)(59)(44)0(58)(58)(58)060(44)5
   462    58.000000      1.000000      59.000000   Etimer45         0     102112112121001110011000000000111000111110001500(58)(58)(59)(44)0(58)(59)(58)060(44)5
   463    58.000000      1.000000      59.000000   Etimer39         0     102112112121001110011000000000111000111110001500(58)(58)(59)(44)0(58)(59)(58)060(44)6
   464    58.000000      1.000000      59.000000   Etimer41         0     102112112121001110011000000000111000111110001500(58)(58)(59)(44)0(59)(59)(58)060(44)6
   465    58.000000      1.000000      59.000000   Etimer41         0     102112112121001110011000000000111000111110001500(58)(59)(59)(44)0(59)(59)(58)060(44)6
   466    58.000000      1.000000      59.000000   Etimer45         0     102112112121001110011000000000111000111110001500(58)(59)(59)(44)0(59)(59)(59)060(44)6
   467    58.000000      1.000000      59.000000   Etimer37         0     102112112121001110011000000000111000111110001600(58)(59)(59)(44)0(59)(59)(59)060(44)6
   468    59.000000      1.000000      60.000000   Etimer45         0     102112112121001110011000000000111000111110001600(59)(59)(59)(44)0(59)(59)(59)060(44)6
   469    59.000000      1.000000      60.000000   Etimer41         0     102112112121001110011000000000111000111110001600(59)(59)(59)(44)0(59)(59)(59)060(44)7
   470    59.000000      1.000000      60.000000   Etimer38         0     102112112121001110011000000000111000111110001600(59)(59)(59)(44)0(59)(59)(60)060(44)7
   471    59.000000      1.000000      60.000000   Etimer41         0     102112112121001110011000000000111000111110001600(59)(59)(60)(44)0(59)(59)(60)060(44)7
   472    59.000000      1.000000      60.000000   Etimer39         0     102112112121001110011000000000111000111110001600(59)(60)(60)(44)0(59)(59)(60)060(44)7
   473    59.000000      1.000000      60.000000   Etimer40         0     102112112121001110011000000000111000111110001600(59)(60)(60)(44)0(60)(59)(60)060(44)7
   474    59.000000      1.000000      60.000000   Etimer45         0     102112112121001110011000000000111000111110001600(59)(60)(60)(44)0(60)(60)(60)060(44)7
   475    59.000000      1.000000      60.000000   Etimer37         0     102112112121001110011000000000111000111110001700(59)(60)(60)(44)0(60)(60)(60)060(44)7
   476    60.000000      1.000000      61.000000   Etimer41         0     102112112121001110011000000000111000111110001700(60)(60)(60)(44)0(60)(60)(60)060(44)7
   477    60.000000      1.000000      61.000000   Etimer37         0     102112112121001110011000000000111000111110001700(60)(60)(60)(44)0(60)(60)(61)060(44)7
   478    60.000000      1.000000      61.000000   Etimer40         0     102112112121001110011000000000111000111110001700(61)(60)(60)(44)0(60)(60)(61)060(44)7
   479    60.000000      1.000000      61.000000   Etimer38         0     102112112121001110011000000000111000111110001700(61)(60)(60)(44)0(60)(61)(61)060(44)7
   480    60.000000      1.000000      61.000000   Etimer39         0     102112112121001110011000000000111000111110001700(61)(60)(61)(44)0(60)(61)(61)060(44)7
   481    60.000000      1.000000      61.000000   Etimer45         0     102112112121001110011000000000111000111110001700(61)(60)(61)(44)0(61)(61)(61)060(44)7
   482    60.000000      1.000000      61.000000   Etimer45         0     102112112121001110011000000000111000111110001700(61)(60)(61)(44)0(61)(61)(61)060(44)8
   483    60.000000      1.000000      61.000000   Etimer41         0     102112112121001110011000000000111000111110001800(61)(60)(61)(44)0(61)(61)(61)060(44)8
   484    61.000000      1.000000      62.000000   Etimer39         0     102112112121001110011000000000111000111110001800(61)(61)(61)(44)0(61)(61)(61)060(44)8
   485    61.000000      1.000000      62.000000   Etimer45         0     102112112121001110011000000000111000111110001800(61)(61)(61)(44)0(62)(61)(61)060(44)8
   486    61.000000      1.000000      62.000000   Etimer45         0     102112112121001110011000000000111000111110001800(61)(61)(61)(44)0(62)(61)(61)060(44)9
   487    61.000000      1.000000      62.000000   Etimer37         0     102112112121001110011000000000111000111110001900(61)(61)(61)(44)0(62)(61)(61)060(44)9
   488    61.000000      1.000000      62.000000   Etimer40         0     102112112121001110011000000000111000111110001900(62)(61)(61)(44)0(62)(61)(61)060(44)9
   489    61.000000      1.000000      62.000000   Etimer41         0     102112112121001110011000000000111000111110001900(62)(61)(61)(44)0(62)(62)(61)060(44)9
   490    61.000000      1.000000      62.000000   Etimer38         0     102112112121001110011000000000111000111110001900(62)(61)(61)(44)0(62)(62)(62)060(44)9
   491    61.000000      1.000000      62.000000   Etimer41         0     102112112121001110011000000000111000111110001900(62)(61)(62)(44)0(62)(62)(62)060(44)9
   492    62.000000      1.000000      63.000000   Etimer40         0     102112112121001110011000000000111000111110001900(62)(62)(62)(44)0(62)(62)(62)060(44)9
   493    62.000000      1.000000      63.000000   Etimer37         0     102112112121001110011000000000111000111110001900(62)(62)(62)(44)0(62)(63)(62)060(44)9
   494    62.000000      1.000000      63.000000   Etimer38         0     102112112121001110011000000000111000111110001900(63)(62)(62)(44)0(62)(63)(62)060(44)9
   495    62.000000      1.000000      63.000000   Etimer39         0     102112112121001110011000000000111000111110001900(63)(62)(63)(44)0(62)(63)(62)060(44)9
   496    62.000000      1.000000      63.000000   Etimer45         0     102112112121001110011000000000111000111110001900(63)(62)(63)(44)0(63)(63)(62)060(44)9
   497    62.000000      1.000000      63.000000   Etimer41         0     102112112121001110011000000000111000111110001900(63)(62)(63)(44)0(63)(63)(62)060(44)(10)
   498    62.000000      1.000000      63.000000   Etimer45         0     102112112121001110011000000000111000111110001900(63)(63)(63)(44)0(63)(63)(62)060(44)(10)
   499    62.000000      1.000000      63.000000   Etimer41         0     102112112121001110011000000000111000111110001(10)00(63)(63)(63)(44)0(63)(63)(62)060(44)(10)
   500    63.000000      1.000000      64.000000   Etimer45         0     102112112121001110011000000000111000111110001(10)00(63)(63)(63)(44)0(63)(63)(63)060(44)(10)
   501    63.000000      1.000000      64.000000   Etimer37         0     102112112121001110011000000000111000111110001(11)00(63)(63)(63)(44)0(63)(63)(63)060(44)(10)
   502    63.000000      1.000000      64.000000   Etimer41         0     102112112121001110011000000000111000111110001(11)00(64)(63)(63)(44)0(63)(63)(63)060(44)(10)
   503    63.000000      1.000000      64.000000   Etimer40         0     102112112121001110011000000000111000111110001(11)00(64)(64)(63)(44)0(63)(63)(63)060(44)(10)
   504    63.000000      1.000000      64.000000   Etimer39         0     102112112121001110011000000000111000111110001(11)00(64)(64)(63)(44)0(63)(64)(63)060(44)(10)
   505    63.000000      1.000000      64.000000   Etimer41         0     102112112121001110011000000000111000111110001(11)00(64)(64)(63)(44)0(64)(64)(63)060(44)(10)
   506    63.000000      1.000000      64.000000   Etimer45         0     102112112121001110011000000000111000111110001(11)00(64)(64)(63)(44)0(64)(64)(64)060(44)(10)
   507    63.000000      1.000000      64.000000   Etimer38         0     102112112121001110011000000000111000111110001(11)00(64)(64)(63)(44)0(64)(64)(64)060(44)(11)
   508    64.000000      1.000000      65.000000   Etimer40         0     102112112121001110011000000000111000111110001(11)00(64)(64)(64)(44)0(64)(64)(64)060(44)(11)
   509    64.000000      1.000000      65.000000   Etimer41         0     102112112121001110011000000000111000111110001(11)00(64)(64)(64)(44)0(64)(65)(64)060(44)(11)
   510    64.000000      1.000000      65.000000   Etimer39         0     102112112121001110011000000000111000111110001(11)00(64)(64)(64)(44)0(64)(65)(65)060(44)(11)
   511    64.000000      1.000000      65.000000   Etimer41         0     102112112121001110011000000000111000111110001(11)00(64)(64)(64)(44)0(65)(65)(65)060(44)(11)
   512    64.000000      1.000000      65.000000   Etimer45         0     102112112121001110011000000000111000111110001(11)00(64)(65)(64)(44)0(65)(65)(65)060(44)(11)
   513    64.000000      1.000000      65.000000   Etimer37         0     102112112121001110011000000000111000111110001(11)00(64)(65)(64)(44)0(65)(65)(65)060(44)(12)
   514    64.000000      1.000000      65.000000   Etimer38         0     102112112121001110011000000000111000111110001(11)00(65)(65)(64)(44)0(65)(65)(65)060(44)(12)
   515    64.000000      1.000000      65.000000   Etimer45         0     102112112121001110011000000000111000111110001(11)00(65)(65)(65)(44)0(65)(65)(65)060(44)(12)
   516    65.000000      1.000000      66.000000   Etimer40         0     102112112121001110011000000000111000111110001(12)00(65)(65)(65)(44)0(65)(65)(65)060(44)(12)
   517    65.000000      1.000000      66.000000   Etimer37         0     102112112121001110011000000000111000111110001(12)00(65)(65)(65)(44)0(65)(66)(65)060(44)(12)
   518    65.000000      1.000000      66.000000   Etimer45         0     102112112121001110011000000000111000111110001(12)00(66)(65)(65)(44)0(65)(66)(65)060(44)(12)
   519    65.000000      1.000000      66.000000   Etimer45         0     102112112121001110011000000000111000111110001(12)00(66)(65)(65)(44)0(65)(66)(65)060(44)(13)
   520    65.000000      1.000000      66.000000   Etimer41         0     102112112121001110011000000000111000111110001(13)00(66)(65)(65)(44)0(65)(66)(65)060(44)(13)
   521    65.000000      1.000000      66.000000   Etimer41         0     102112112121001110011000000000111000111110001(13)00(66)(66)(65)(44)0(65)(66)(65)060(44)(13)
   522    65.000000      1.000000      66.000000   Etimer39         0     102112112121001110011000000000111000111110001(13)00(66)(66)(65)(44)0(65)(66)(66)060(44)(13)
   523    65.000000      1.000000      66.000000   Etimer38         0     102112112121001110011000000000111000111110001(13)00(66)(66)(65)(44)0(66)(66)(66)060(44)(13)
   524     0.000000     66.000000      66.000000   T2               0     102112112121001110011000000000111000111110001(13)00(66)(66)(66)(44)0(66)(66)(66)060(44)(13)
   525    66.000000      1.000000      67.000000   Etimer41         0     112112112121001110001000000000111010111110001(13)00(66)(66)(66)(44)0(66)(66)(66)060(44)(13)
   526    66.000000      1.000000      67.000000   Etimer38         0     112112112121001110001000000000111010111110001(13)00(66)(67)(66)(44)0(66)(66)(66)060(44)(13)
   527    66.000000      1.000000      67.000000   Etimer40         0     112112112121001110001000000000111010111110001(13)00(66)(67)(67)(44)0(66)(66)(66)060(44)(13)
   528    66.000000      1.000000      67.000000   Etimer39         0     112112112121001110001000000000111010111110001(13)00(66)(67)(67)(44)0(66)(67)(66)060(44)(13)
   529    66.000000      1.000000      67.000000   Etimer45         0     112112112121001110001000000000111010111110001(13)00(66)(67)(67)(44)0(67)(67)(66)060(44)(13)
   530    66.000000      1.000000      67.000000   Etimer35         0     112112112121001110001000000000111010111110001(13)00(66)(67)(67)(44)0(67)(67)(66)060(44)(14)
   531    66.000000      1.000000      67.000000   Etimer37         0     112112112121001110001000000000111010111110001(13)10(66)(67)(67)(44)0(67)(67)(66)060(44)(14)
   532    66.000000      1.000000      67.000000   Etimer41         0     112112112121001110001000000000111010111110001(13)10(67)(67)(67)(44)0(67)(67)(66)060(44)(14)
   533    66.000000      1.000000      67.000000   Etimer45         0     112112112121001110001000000000111010111110001(13)10(67)(67)(67)(44)0(67)(67)(67)060(44)(14)
   534    67.000000      1.000000      68.000000   Etimer45         0     112112112121001110001000000000111010111110001(14)10(67)(67)(67)(44)0(67)(67)(67)060(44)(14)
   535    67.000000      1.000000      68.000000   Etimer40         0     112112112121001110001000000000111010111110001(14)10(67)(67)(67)(44)0(67)(67)(67)060(44)(15)
   536    67.000000      1.000000      68.000000   Etimer35         0     112112112121001110001000000000111010111110001(14)10(67)(67)(67)(44)0(67)(68)(67)060(44)(15)
   537    67.000000      1.000000      68.000000   Etimer45         0     112112112121001110001000000000111010111110001(14)20(67)(67)(67)(44)0(67)(68)(67)060(44)(15)
   538    67.000000      1.000000      68.000000   Etimer37         0     112112112121001110001000000000111010111110001(15)20(67)(67)(67)(44)0(67)(68)(67)060(44)(15)
   539    67.000000      1.000000      68.000000   Etimer41         0     112112112121001110001000000000111010111110001(15)20(68)(67)(67)(44)0(67)(68)(67)060(44)(15)
   540    67.000000      1.000000      68.000000   Etimer39         0     112112112121001110001000000000111010111110001(15)20(68)(68)(67)(44)0(67)(68)(67)060(44)(15)
   541    67.000000      1.000000      68.000000   Etimer41         0     112112112121001110001000000000111010111110001(15)20(68)(68)(67)(44)0(68)(68)(67)060(44)(15)
   542    67.000000      1.000000      68.000000   Etimer38         0     112112112121001110001000000000111010111110001(15)20(68)(68)(67)(44)0(68)(68)(68)060(44)(15)
   543    68.000000      1.000000      69.000000   Etimer45         0     112112112121001110001000000000111010111110001(15)20(68)(68)(68)(44)0(68)(68)(68)060(44)(15)
   544    68.000000      1.000000      69.000000   Etimer41         0     112112112121001110001000000000111010111110001(16)20(68)(68)(68)(44)0(68)(68)(68)060(44)(15)
   545    68.000000      1.000000      69.000000   Etimer39         0     112112112121001110001000000000111010111110001(16)20(68)(69)(68)(44)0(68)(68)(68)060(44)(15)
   546    68.000000      1.000000      69.000000   Etimer45         0     112112112121001110001000000000111010111110001(16)20(68)(69)(68)(44)0(69)(68)(68)060(44)(15)
   547    68.000000      1.000000      69.000000   Etimer37         0     112112112121001110001000000000111010111110001(16)20(68)(69)(68)(44)0(69)(68)(68)060(44)(16)
   548    68.000000      1.000000      69.000000   Etimer40         0     112112112121001110001000000000111010111110001(16)20(69)(69)(68)(44)0(69)(68)(68)060(44)(16)
   549    68.000000      1.000000      69.000000   Etimer41         0     112112112121001110001000000000111010111110001(16)20(69)(69)(68)(44)0(69)(69)(68)060(44)(16)
   550    68.000000      1.000000      69.000000   Etimer35         0     112112112121001110001000000000111010111110001(16)20(69)(69)(68)(44)0(69)(69)(69)060(44)(16)
   551    68.000000      1.000000      69.000000   Etimer38         0     112112112121001110001000000000111010111110001(16)30(69)(69)(68)(44)0(69)(69)(69)060(44)(16)
   552    69.000000      1.000000      70.000000   Etimer37         0     112112112121001110001000000000111010111110001(16)30(69)(69)(69)(44)0(69)(69)(69)060(44)(16)
   553    69.000000      1.000000      70.000000   Etimer38         0     112112112121001110001000000000111010111110001(16)30(70)(69)(69)(44)0(69)(69)(69)060(44)(16)
   554    69.000000      1.000000      70.000000   Etimer35         0     112112112121001110001000000000111010111110001(16)30(70)(69)(70)(44)0(69)(69)(69)060(44)(16)
   555    69.000000      1.000000      70.000000   Etimer45         0     112112112121001110001000000000111010111110001(16)40(70)(69)(70)(44)0(69)(69)(69)060(44)(16)
   556    69.000000      1.000000      70.000000   Etimer41         0     112112112121001110001000000000111010111110001(17)40(70)(69)(70)(44)0(69)(69)(69)060(44)(16)
   557    69.000000      1.000000      70.000000   Etimer41         0     112112112121001110001000000000111010111110001(17)40(70)(70)(70)(44)0(69)(69)(69)060(44)(16)
   558    69.000000      1.000000      70.000000   Etimer40         0     112112112121001110001000000000111010111110001(17)40(70)(70)(70)(44)0(69)(69)(70)060(44)(16)
   559    69.000000      1.000000      70.000000   Etimer39         0     112112112121001110001000000000111010111110001(17)40(70)(70)(70)(44)0(69)(70)(70)060(44)(16)
   560    69.000000      1.000000      70.000000   Etimer45         0     112112112121001110001000000000111010111110001(17)40(70)(70)(70)(44)0(70)(70)(70)060(44)(16)
   561    70.000000      1.000000      71.000000   Etimer41         0     112112112121001110001000000000111010111110001(17)40(70)(70)(70)(44)0(70)(70)(70)060(44)(17)
   562    70.000000      1.000000      71.000000   Etimer39         0     112112112121001110001000000000111010111110001(17)40(70)(70)(70)(44)0(70)(70)(71)060(44)(17)
   563    70.000000      1.000000      71.000000   Etimer37         0     112112112121001110001000000000111010111110001(17)40(70)(70)(70)(44)0(71)(70)(71)060(44)(17)
   564    70.000000      1.000000      71.000000   Etimer40         0     112112112121001110001000000000111010111110001(17)40(71)(70)(70)(44)0(71)(70)(71)060(44)(17)
   565    70.000000      1.000000      71.000000   Etimer38         0     112112112121001110001000000000111010111110001(17)40(71)(70)(70)(44)0(71)(71)(71)060(44)(17)
   566    70.000000      1.000000      71.000000   Etimer41         0     112112112121001110001000000000111010111110001(17)40(71)(70)(71)(44)0(71)(71)(71)060(44)(17)
   567    70.000000      1.000000      71.000000   Etimer35         0     112112112121001110001000000000111010111110001(17)40(71)(71)(71)(44)0(71)(71)(71)060(44)(17)
   568    70.000000      1.000000      71.000000   Etimer45         0     112112112121001110001000000000111010111110001(17)50(71)(71)(71)(44)0(71)(71)(71)060(44)(17)
   569    70.000000      1.000000      71.000000   Etimer45         0     112112112121001110001000000000111010111110001(18)50(71)(71)(71)(44)0(71)(71)(71)060(44)(17)
   570    71.000000      1.000000      72.000000   Etimer39         0     112112112121001110001000000000111010111110001(18)50(71)(71)(71)(44)0(71)(71)(71)060(44)(18)
   571    71.000000      1.000000      72.000000   Etimer40         0     112112112121001110001000000000111010111110001(18)50(71)(71)(71)(44)0(72)(71)(71)060(44)(18)
   572    71.000000      1.000000      72.000000   Etimer45         0     112112112121001110001000000000111010111110001(18)50(71)(71)(71)(44)0(72)(72)(71)060(44)(18)
   573    71.000000      1.000000      72.000000   Etimer45         0     112112112121001110001000000000111010111110001(18)50(71)(71)(71)(44)0(72)(72)(71)060(44)(19)
   574    71.000000      1.000000      72.000000   Etimer41         0     112112112121001110001000000000111010111110001(19)50(71)(71)(71)(44)0(72)(72)(71)060(44)(19)
   575    71.000000      1.000000      72.000000   Etimer38         0     112112112121001110001000000000111010111110001(19)50(71)(72)(71)(44)0(72)(72)(71)060(44)(19)
   576    71.000000      1.000000      72.000000   Etimer41         0     112112112121001110001000000000111010111110001(19)50(71)(72)(72)(44)0(72)(72)(71)060(44)(19)
   577    71.000000      1.000000      72.000000   Etimer35         0     112112112121001110001000000000111010111110001(19)50(71)(72)(72)(44)0(72)(72)(72)060(44)(19)
   578    71.000000      1.000000      72.000000   Etimer37         0     112112112121001110001000000000111010111110001(19)60(71)(72)(72)(44)0(72)(72)(72)060(44)(19)
   579    72.000000      1.000000      73.000000   Etimer37         0     112112112121001110001000000000111010111110001(19)60(72)(72)(72)(44)0(72)(72)(72)060(44)(19)
   580    72.000000      1.000000      73.000000   Etimer45         0     112112112121001110001000000000111010111110001(19)60(73)(72)(72)(44)0(72)(72)(72)060(44)(19)
   581    72.000000      1.000000      73.000000   Etimer35         0     112112112121001110001000000000111010111110001(20)60(73)(72)(72)(44)0(72)(72)(72)060(44)(19)
   582    72.000000      1.000000      73.000000   Etimer45         0     112112112121001110001000000000111010111110001(20)70(73)(72)(72)(44)0(72)(72)(72)060(44)(19)
   583    72.000000      1.000000      73.000000   Etimer39         0     112112112121001110001000000000111010111110001(20)70(73)(72)(72)(44)0(72)(72)(72)060(44)(20)
   584    72.000000      1.000000      73.000000   Etimer41         0     112112112121001110001000000000111010111110001(20)70(73)(72)(72)(44)0(73)(72)(72)060(44)(20)
   585    72.000000      1.000000      73.000000   Etimer38         0     112112112121001110001000000000111010111110001(20)70(73)(72)(72)(44)0(73)(72)(73)060(44)(20)
   586    72.000000      1.000000      73.000000   Etimer41         0     112112112121001110001000000000111010111110001(20)70(73)(72)(73)(44)0(73)(72)(73)060(44)(20)
   587    72.000000      1.000000      73.000000   Etimer40         0     112112112121001110001000000000111010111110001(20)70(73)(73)(73)(44)0(73)(72)(73)060(44)(20)
   588    73.000000      1.000000      74.000000   Etimer41         0     112112112121001110001000000000111010111110001(20)70(73)(73)(73)(44)0(73)(73)(73)060(44)(20)
   589    73.000000      1.000000      74.000000   Etimer35         0     112112112121001110001000000000111010111110001(20)70(73)(73)(73)(44)0(73)(73)(74)060(44)(20)
   590    73.000000      1.000000      74.000000   Etimer38         0     112112112121001110001000000000111010111110001(20)80(73)(73)(73)(44)0(73)(73)(74)060(44)(20)
   591    73.000000      1.000000      74.000000   Etimer40         0     112112112121001110001000000000111010111110001(20)80(73)(73)(74)(44)0(73)(73)(74)060(44)(20)
   592    73.000000      1.000000      74.000000   Etimer45         0     112112112121001110001000000000111010111110001(20)80(73)(73)(74)(44)0(73)(74)(74)060(44)(20)
   593    73.000000      1.000000      74.000000   Etimer37         0     112112112121001110001000000000111010111110001(20)80(73)(73)(74)(44)0(73)(74)(74)060(44)(21)
   594    73.000000      1.000000      74.000000   Etimer41         0     112112112121001110001000000000111010111110001(20)80(74)(73)(74)(44)0(73)(74)(74)060(44)(21)
   595    73.000000      1.000000      74.000000   Etimer45         0     112112112121001110001000000000111010111110001(20)80(74)(74)(74)(44)0(73)(74)(74)060(44)(21)
   596    73.000000      1.000000      74.000000   Etimer39         0     112112112121001110001000000000111010111110001(21)80(74)(74)(74)(44)0(73)(74)(74)060(44)(21)
   597    74.000000      1.000000      75.000000   Etimer35         0     112112112121001110001000000000111010111110001(21)80(74)(74)(74)(44)0(74)(74)(74)060(44)(21)
   598    74.000000      1.000000      75.000000   Etimer45         0     112112112121001110001000000000111010111110001(21)90(74)(74)(74)(44)0(74)(74)(74)060(44)(21)
   599    74.000000      1.000000      75.000000   Etimer37         0     112112112121001110001000000000111010111110001(21)90(74)(74)(74)(44)0(74)(74)(74)060(44)(22)
   600    74.000000      1.000000      75.000000   Etimer40         0     112112112121001110001000000000111010111110001(21)90(75)(74)(74)(44)0(74)(74)(74)060(44)(22)
   601    74.000000      1.000000      75.000000   Etimer45         0     112112112121001110001000000000111010111110001(21)90(75)(74)(74)(44)0(74)(75)(74)060(44)(22)
   602    74.000000      1.000000      75.000000   Etimer39         0     112112112121001110001000000000111010111110001(22)90(75)(74)(74)(44)0(74)(75)(74)060(44)(22)
   603    74.000000      1.000000      75.000000   Etimer38         0     112112112121001110001000000000111010111110001(22)90(75)(74)(74)(44)0(75)(75)(74)060(44)(22)
   604    74.000000      1.000000      75.000000   Etimer41         0     112112112121001110001000000000111010111110001(22)90(75)(74)(75)(44)0(75)(75)(74)060(44)(22)
   605    74.000000      1.000000      75.000000   Etimer41         0     112112112121001110001000000000111010111110001(22)90(75)(75)(75)(44)0(75)(75)(74)060(44)(22)
   606    75.000000      1.000000      76.000000   Etimer45         0     112112112121001110001000000000111010111110001(22)90(75)(75)(75)(44)0(75)(75)(75)060(44)(22)
   607    75.000000      1.000000      76.000000   Etimer35         0     112112112121001110001000000000111010111110001(23)90(75)(75)(75)(44)0(75)(75)(75)060(44)(22)
   608    75.000000      1.000000      76.000000   Etimer39         0     112112112121001110001000000000111010111110001(23)(10)0(75)(75)(75)(44)0(75)(75)(75)060(44)(22)
   609    75.000000      1.000000      76.000000   Etimer40         0     112112112121001110001000000000111010111110001(23)(10)0(75)(75)(75)(44)0(76)(75)(75)060(44)(22)
   610    75.000000      1.000000      76.000000   Etimer38         0     112112112121001110001000000000111010111110001(23)(10)0(75)(75)(75)(44)0(76)(76)(75)060(44)(22)
   611    75.000000      1.000000      76.000000   Etimer41         0     112112112121001110001000000000111010111110001(23)(10)0(75)(75)(76)(44)0(76)(76)(75)060(44)(22)
   612    75.000000      1.000000      76.000000   Etimer41         0     112112112121001110001000000000111010111110001(23)(10)0(75)(75)(76)(44)0(76)(76)(76)060(44)(22)
   613    75.000000      1.000000      76.000000   Etimer37         0     112112112121001110001000000000111010111110001(23)(10)0(75)(76)(76)(44)0(76)(76)(76)060(44)(22)
   614    75.000000      1.000000      76.000000   Etimer45         0     112112112121001110001000000000111010111110001(23)(10)0(76)(76)(76)(44)0(76)(76)(76)060(44)(22)
   615    76.000000      1.000000      77.000000   Etimer41         0     112112112121001110001000000000111010111110001(23)(10)0(76)(76)(76)(44)0(76)(76)(76)060(44)(23)
   616    76.000000      1.000000      77.000000   Etimer45         0     112112112121001110001000000000111010111110001(23)(10)0(76)(76)(76)(44)0(76)(76)(77)060(44)(23)
   617    76.000000      1.000000      77.000000   Etimer35         0     112112112121001110001000000000111010111110001(24)(10)0(76)(76)(76)(44)0(76)(76)(77)060(44)(23)
   618    76.000000      1.000000      77.000000   Etimer41         0     112112112121001110001000000000111010111110001(24)(11)0(76)(76)(76)(44)0(76)(76)(77)060(44)(23)
   619    76.000000      1.000000      77.000000   Etimer40         0     112112112121001110001000000000111010111110001(24)(11)0(76)(77)(76)(44)0(76)(76)(77)060(44)(23)
   620    76.000000      1.000000      77.000000   Etimer37         0     112112112121001110001000000000111010111110001(24)(11)0(76)(77)(76)(44)0(76)(77)(77)060(44)(23)
   621    76.000000      1.000000      77.000000   Etimer38         0     112112112121001110001000000000111010111110001(24)(11)0(77)(77)(76)(44)0(76)(77)(77)060(44)(23)
   622    76.000000      1.000000      77.000000   Etimer39         0     112112112121001110001000000000111010111110001(24)(11)0(77)(77)(77)(44)0(76)(77)(77)060(44)(23)
   623    76.000000      1.000000      77.000000   Etimer45         0     112112112121001110001000000000111010111110001(24)(11)0(77)(77)(77)(44)0(77)(77)(77)060(44)(23)
   624    44.000000     33.000000      77.000000   T15              0     112112112121001110001000000000111010111110001(24)(11)0(77)(77)(77)(44)0(77)(77)(77)060(44)(24)
   625    77.000000      0.000000      77.000000   ImmTr16          0     112112112121001111001000000000110010111110011(24)(11)0(77)(77)(77)(44)0(77)(77)(77)060(44)(24)
   626    77.000000      0.000000      77.000000   ImmTr10          0     112112112121000000001000000000110110111110010(24)(11)0(77)(77)(77)(44)0(77)(77)(77)060(44)(24)
   627    77.000000      0.000000      77.000000   ImmTr6           0     112112112120000000001000000100110110111010010(24)(11)0(77)(77)(77)(44)0(77)(77)(77)060(44)(24)
   628    77.000000      0.000000      77.000000   ImmTr9           0     112102112120000000001001000100110110101010010(24)(11)0(77)(77)(77)(44)0(77)(77)(77)060(44)(24)
   629    77.000000      0.000000      77.000000   ImmTr5           0     112102102120000000001001001100110110100010010(24)(11)0(77)(77)(77)(44)0(77)(77)(77)060(44)(24)
   630    77.000000      0.000000      77.000000   ImmTr4           0     112002102120000000001011001100110110100000010(24)(11)0(77)(77)(77)(44)0(77)(77)(77)060(44)(24)
   631    77.000000      1.000000      78.000000   Etimer44         0     111002102120000000001111001100110110000000010(24)(11)0(77)(77)(77)(44)0(77)(77)(77)060(44)(24)
   632    77.000000      1.000000      78.000000   Etimer35         0     111002102120000000001111001100110110000000010(24)(11)0(77)(77)(77)(44)0(77)(77)(77)060(45)(24)
   633    77.000000      1.000000      78.000000   Etimer44         0     111002102120000000001111001100110110000000010(24)(12)0(77)(77)(77)(44)0(77)(77)(77)060(45)(24)
   634    78.000000      1.000000      79.000000   Etimer44         0     111002102120000000001111001100110110000000010(24)(12)0(77)(77)(77)(45)0(77)(77)(77)060(45)(24)
   635    78.000000      1.000000      79.000000   Etimer44         0     111002102120000000001111001100110110000000010(24)(12)0(77)(77)(77)(46)0(77)(77)(77)060(45)(24)
   636    78.000000      1.000000      79.000000   Etimer35         0     111002102120000000001111001100110110000000010(24)(12)0(77)(77)(77)(46)0(77)(77)(77)060(46)(24)
   637    79.000000      1.000000      80.000000   Etimer35         0     111002102120000000001111001100110110000000010(24)(13)0(77)(77)(77)(46)0(77)(77)(77)060(46)(24)
   638    79.000000      1.000000      80.000000   Etimer44         0     111002102120000000001111001100110110000000010(24)(14)0(77)(77)(77)(46)0(77)(77)(77)060(46)(24)
   639    79.000000      1.000000      80.000000   Etimer44         0     111002102120000000001111001100110110000000010(24)(14)0(77)(77)(77)(47)0(77)(77)(77)060(46)(24)
   640    80.000000      1.000000      81.000000   Etimer44         0     111002102120000000001111001100110110000000010(24)(14)0(77)(77)(77)(47)0(77)(77)(77)060(47)(24)
   641    80.000000      1.000000      81.000000   Etimer35         0     111002102120000000001111001100110110000000010(24)(14)0(77)(77)(77)(47)0(77)(77)(77)060(48)(24)
   642    80.000000      1.000000      81.000000   Etimer44         0     111002102120000000001111001100110110000000010(24)(15)0(77)(77)(77)(47)0(77)(77)(77)060(48)(24)
   643    81.000000      1.000000      82.000000   Etimer44         0     111002102120000000001111001100110110000000010(24)(15)0(77)(77)(77)(48)0(77)(77)(77)060(48)(24)
   644    81.000000      1.000000      82.000000   Etimer35         0     111002102120000000001111001100110110000000010(24)(15)0(77)(77)(77)(48)0(77)(77)(77)060(49)(24)
   645    81.000000      1.000000      82.000000   Etimer44         0     111002102120000000001111001100110110000000010(24)(16)0(77)(77)(77)(48)0(77)(77)(77)060(49)(24)
   646    44.000000     38.000000      82.000000   T13              0     111002102120000000001111001100110110000000010(24)(16)0(77)(77)(77)(49)0(77)(77)(77)060(49)(24)
   647    82.000000      1.000000      83.000000   Etimer42         0     111002102120100000001111001100010110000001010(24)(16)0(77)(77)(77)(49)0(77)(77)(77)060(49)(24)
   648    82.000000      1.000000      83.000000   Etimer44         0     111002102120100000001111001100010110000001010(24)(16)0(77)(77)(77)(49)0(77)(77)(77)070(49)(24)
   649    82.000000      1.000000      83.000000   Etimer35         0     111002102120100000001111001100010110000001010(24)(16)0(77)(77)(77)(49)0(77)(77)(77)070(50)(24)
   650    82.000000      1.000000      83.000000   Etimer44         0     111002102120100000001111001100010110000001010(24)(17)0(77)(77)(77)(49)0(77)(77)(77)070(50)(24)
   651    83.000000      1.000000      84.000000   Etimer35         0     111002102120100000001111001100010110000001010(24)(17)0(77)(77)(77)(50)0(77)(77)(77)070(50)(24)
   652    83.000000      1.000000      84.000000   Etimer44         0     111002102120100000001111001100010110000001010(24)(18)0(77)(77)(77)(50)0(77)(77)(77)070(50)(24)
   653    83.000000      1.000000      84.000000   Etimer44         0     111002102120100000001111001100010110000001010(24)(18)0(77)(77)(77)(51)0(77)(77)(77)070(50)(24)
   654    83.000000      1.000000      84.000000   Etimer42         0     111002102120100000001111001100010110000001010(24)(18)0(77)(77)(77)(51)0(77)(77)(77)070(51)(24)
   655    84.000000      1.000000      85.000000   Etimer44         0     111002102120100000001111001100010110000001010(24)(18)0(77)(77)(77)(51)0(77)(77)(77)080(51)(24)
   656    84.000000      1.000000      85.000000   Etimer42         0     111002102120100000001111001100010110000001010(24)(18)0(77)(77)(77)(51)0(77)(77)(77)080(52)(24)
   657    84.000000      1.000000      85.000000   Etimer44         0     111002102120100000001111001100010110000001010(24)(18)0(77)(77)(77)(51)0(77)(77)(77)090(52)(24)
   658    84.000000      1.000000      85.000000   Etimer35         0     111002102120100000001111001100010110000001010(24)(18)0(77)(77)(77)(52)0(77)(77)(77)090(52)(24)
   659    85.000000      1.000000      86.000000   Etimer44         0     111002102120100000001111001100010110000001010(24)(19)0(77)(77)(77)(52)0(77)(77)(77)090(52)(24)
   660    85.000000      1.000000      86.000000   Etimer44         0     111002102120100000001111001100010110000001010(24)(19)0(77)(77)(77)(53)0(77)(77)(77)090(52)(24)
   661    85.000000      1.000000      86.000000   Etimer35         0     111002102120100000001111001100010110000001010(24)(19)0(77)(77)(77)(53)0(77)(77)(77)090(53)(24)
   662    85.000000      1.000000      86.000000   Etimer42         0     111002102120100000001111001100010110000001010(24)(20)0(77)(77)(77)(53)0(77)(77)(77)090(53)(24)
   663    86.000000      1.000000      87.000000   Etimer44         0     111002102120100000001111001100010110000001010(24)(20)0(77)(77)(77)(53)0(77)(77)(77)0(10)0(53)(24)
   664    86.000000      1.000000      87.000000   Etimer42         0     111002102120100000001111001100010110000001010(24)(20)0(77)(77)(77)(53)0(77)(77)(77)0(10)0(54)(24)
   665    86.000000      1.000000      87.000000   Etimer35         0     111002102120100000001111001100010110000001010(24)(20)0(77)(77)(77)(53)0(77)(77)(77)0(11)0(54)(24)
   666    86.000000      1.000000      87.000000   Etimer44         0     111002102120100000001111001100010110000001010(24)(21)0(77)(77)(77)(53)0(77)(77)(77)0(11)0(54)(24)
   667    87.000000      1.000000      88.000000   Etimer44         0     111002102120100000001111001100010110000001010(24)(21)0(77)(77)(77)(54)0(77)(77)(77)0(11)0(54)(24)
   668    87.000000      1.000000      88.000000   Etimer35         0     111002102120100000001111001100010110000001010(24)(21)0(77)(77)(77)(55)0(77)(77)(77)0(11)0(54)(24)
   669    87.000000      1.000000      88.000000   Etimer44         0     111002102120100000001111001100010110000001010(24)(22)0(77)(77)(77)(55)0(77)(77)(77)0(11)0(54)(24)
   670    87.000000      1.000000      88.000000   Etimer42         0     111002102120100000001111001100010110000001010(24)(22)0(77)(77)(77)(55)0(77)(77)(77)0(11)0(55)(24)
   671    44.000000     44.000000      88.000000   T14              0     111002102120100000001111001100010110000001010(24)(22)0(77)(77)(77)(55)0(77)(77)(77)0(12)0(55)(24)
   672    88.000000      0.000000      88.000000   ImmTr15          0     111002102120110000001111001100000110000001110(24)(22)0(77)(77)(77)(55)0(77)(77)(77)0(12)0(55)(24)
   673    88.000000      0.000000      88.000000   ImmTr8           0     111002102120100000001111001100001110000001100(24)(22)0(77)(77)(77)(55)0(77)(77)(77)0(12)0(55)(24)
   674    88.000000      1.000000      89.000000   Etimer42         0     111002002120100000001111011100001110000001000(24)(22)0(77)(77)(77)(55)0(77)(77)(77)0(12)0(55)(24)
   675    88.000000      1.000000      89.000000   Etimer35         0     111002002120100000001111011100001110000001000(24)(22)0(77)(77)(77)(55)0(77)(77)(77)0(13)0(55)(24)
   676    89.000000      1.000000      90.000000   Etimer35         0     111002002120100000001111011100001110000001000(24)(23)0(77)(77)(77)(55)0(77)(77)(77)0(13)0(55)(24)
   677    89.000000      1.000000      90.000000   Etimer42         0     111002002120100000001111011100001110000001000(24)(24)0(77)(77)(77)(55)0(77)(77)(77)0(13)0(55)(24)
   678    90.000000      1.000000      91.000000   Etimer42         0     111002002120100000001111011100001110000001000(24)(24)0(77)(77)(77)(55)0(77)(77)(77)0(14)0(55)(24)
   679    90.000000      1.000000      91.000000   Etimer35         0     111002002120100000001111011100001110000001000(24)(24)0(77)(77)(77)(55)0(77)(77)(77)0(15)0(55)(24)
   680    91.000000      1.000000      92.000000   Etimer42         0     111002002120100000001111011100001110000001000(24)(25)0(77)(77)(77)(55)0(77)(77)(77)0(15)0(55)(24)
   681    91.000000      1.000000      92.000000   Etimer35         0     111002002120100000001111011100001110000001000(24)(25)0(77)(77)(77)(55)0(77)(77)(77)0(16)0(55)(24)
   682    92.000000      1.000000      93.000000   Etimer35         0     111002002120100000001111011100001110000001000(24)(26)0(77)(77)(77)(55)0(77)(77)(77)0(16)0(55)(24)
   683    92.000000      1.000000      93.000000   Etimer42         0     111002002120100000001111011100001110000001000(24)(27)0(77)(77)(77)(55)0(77)(77)(77)0(16)0(55)(24)
   684    93.000000      1.000000      94.000000   Etimer42         0     111002002120100000001111011100001110000001000(24)(27)0(77)(77)(77)(55)0(77)(77)(77)0(17)0(55)(24)
   685    93.000000      1.000000      94.000000   Etimer35         0     111002002120100000001111011100001110000001000(24)(27)0(77)(77)(77)(55)0(77)(77)(77)0(18)0(55)(24)
   686    94.000000      1.000000      95.000000   Etimer42         0     111002002120100000001111011100001110000001000(24)(28)0(77)(77)(77)(55)0(77)(77)(77)0(18)0(55)(24)
   687    94.000000      1.000000      95.000000   Etimer35         0     111002002120100000001111011100001110000001000(24)(28)0(77)(77)(77)(55)0(77)(77)(77)0(19)0(55)(24)
   688    95.000000      1.000000      96.000000   Etimer35         0     111002002120100000001111011100001110000001000(24)(29)0(77)(77)(77)(55)0(77)(77)(77)0(19)0(55)(24)
   689    95.000000      1.000000      96.000000   Etimer42         0     111002002120100000001111011100001110000001000(24)(30)0(77)(77)(77)(55)0(77)(77)(77)0(19)0(55)(24)
   690    96.000000      1.000000      97.000000   Etimer35         0     111002002120100000001111011100001110000001000(24)(30)0(77)(77)(77)(55)0(77)(77)(77)0(20)0(55)(24)
   691    96.000000      1.000000      97.000000   Etimer42         0     111002002120100000001111011100001110000001000(24)(31)0(77)(77)(77)(55)0(77)(77)(77)0(20)0(55)(24)
   692    97.000000      1.000000      98.000000   Etimer35         0     111002002120100000001111011100001110000001000(24)(31)0(77)(77)(77)(55)0(77)(77)(77)0(21)0(55)(24)
   693    97.000000      1.000000      98.000000   Etimer42         0     111002002120100000001111011100001110000001000(24)(32)0(77)(77)(77)(55)0(77)(77)(77)0(21)0(55)(24)
   694    98.000000      1.000000      99.000000   Etimer35         0     111002002120100000001111011100001110000001000(24)(32)0(77)(77)(77)(55)0(77)(77)(77)0(22)0(55)(24)
   695    98.000000      1.000000      99.000000   Etimer42         0     111002002120100000001111011100001110000001000(24)(33)0(77)(77)(77)(55)0(77)(77)(77)0(22)0(55)(24)
   696    99.000000      1.000000     100.000000   Etimer35         0     111002002120100000001111011100001110000001000(24)(33)0(77)(77)(77)(55)0(77)(77)(77)0(23)0(55)(24)
   697    99.000000      1.000000     100.000000   Etimer42         0     111002002120100000001111011100001110000001000(24)(34)0(77)(77)(77)(55)0(77)(77)(77)0(23)0(55)(24)
   698     0.000000    100.000000     100.000000   T3               0     111002002120100000001111011100001110000001000(24)(34)0(77)(77)(77)(55)0(77)(77)(77)0(24)0(55)(24)
   699   100.000000      0.000000     100.000000   ImmTr3           0     112003003130100000000111011100001111000001000(24)(34)0(77)(77)(77)(55)0(77)(77)(77)0(24)0(55)(24)
   700   100.000000      0.000000     100.000000   ImmTr2           0     102003003130100000001111011100001110000001000(24)(34)0(77)(77)(77)(55)0(77)(77)(77)0(24)0(55)(24)
   701   100.000000      1.000000     101.000000   Etimer42         0     002003003130100000011111011100001100000001000(24)(34)0(77)(77)(77)(55)0(77)(77)(77)0(24)0(55)(24)
   702   101.000000      1.000000     102.000000   Etimer42         0     002003003130100000011111011100001100000001000(24)(34)0(77)(77)(77)(55)0(77)(77)(77)0(25)0(55)(24)
   703   102.000000      1.000000     103.000000   Etimer42         0     002003003130100000011111011100001100000001000(24)(34)0(77)(77)(77)(55)0(77)(77)(77)0(26)0(55)(24)
   704   103.000000      1.000000     104.000000   Etimer42         0     002003003130100000011111011100001100000001000(24)(34)0(77)(77)(77)(55)0(77)(77)(77)0(27)0(55)(24)
   705   104.000000      1.000000     105.000000   Etimer42         0     002003003130100000011111011100001100000001000(24)(34)0(77)(77)(77)(55)0(77)(77)(77)0(28)0(55)(24)
   706   105.000000      1.000000     106.000000   Etimer42         0     002003003130100000011111011100001100000001000(24)(34)0(77)(77)(77)(55)0(77)(77)(77)0(29)0(55)(24)
   707   106.000000      1.000000     107.000000   Etimer42         0     002003003130100000011111011100001100000001000(24)(34)0(77)(77)(77)(55)0(77)(77)(77)0(30)0(55)(24)
   708   107.000000      1.000000     108.000000   Etimer42         0     002003003130100000011111011100001100000001000(24)(34)0(77)(77)(77)(55)0(77)(77)(77)0(31)0(55)(24)
   709   108.000000      1.000000     109.000000   Etimer42         0     002003003130100000011111011100001100000001000(24)(34)0(77)(77)(77)(55)0(77)(77)(77)0(32)0(55)(24)
   710   109.000000      1.000000     110.000000   Etimer42         0     002003003130100000011111011100001100000001000(24)(34)0(77)(77)(77)(55)0(77)(77)(77)0(33)0(55)(24)
   711   110.000000      1.000000     111.000000   Etimer42         0     002003003130100000011111011100001100000001000(24)(34)0(77)(77)(77)(55)0(77)(77)(77)0(34)0(55)(24)
   712    77.000000     34.000000     111.000000   Cap              0     002003003130100000011111011100001100000001000(24)(34)0(77)(77)(77)(55)0(77)(77)(77)0(35)0(55)(24)
   713   111.000000      0.000000     111.000000   ImmTr1           0     002003003130100000011111011100001000000001001(24)(34)0(77)(77)(77)(55)0(77)(77)(77)0(35)0(55)(24)
   714   111.000000      1.000000     112.000000   Etimer42         0     002003003130100000111111011100001000000001000(24)(34)0(77)(77)(77)(55)0(77)(77)(77)0(35)0(55)(24)
   715   112.000000      1.000000     113.000000   Etimer42         0     002003003130100000111111011100001000000001000(24)(34)0(77)(77)(77)(55)0(77)(77)(77)0(36)0(55)(24)
   716   113.000000      1.000000     114.000000   Etimer42         0     002003003130100000111111011100001000000001000(24)(34)0(77)(77)(77)(55)0(77)(77)(77)0(37)0(55)(24)
   717   114.000000      1.000000     115.000000   Etimer42         0     002003003130100000111111011100001000000001000(24)(34)0(77)(77)(77)(55)0(77)(77)(77)0(38)0(55)(24)
   718   115.000000      1.000000     116.000000   Etimer42         0     002003003130100000111111011100001000000001000(24)(34)0(77)(77)(77)(55)0(77)(77)(77)0(39)0(55)(24)
   719   116.000000      1.000000     117.000000   Etimer42         0     002003003130100000111111011100001000000001000(24)(34)0(77)(77)(77)(55)0(77)(77)(77)0(40)0(55)(24)
   720   117.000000      1.000000     118.000000   Etimer42         0     002003003130100000111111011100001000000001000(24)(34)0(77)(77)(77)(55)0(77)(77)(77)0(41)0(55)(24)
   721   118.000000      1.000000     119.000000   Etimer42         0     002003003130100000111111011100001000000001000(24)(34)0(77)(77)(77)(55)0(77)(77)(77)0(42)0(55)(24)
   722   119.000000      1.000000     120.000000   Etimer42         0     002003003130100000111111011100001000000001000(24)(34)0(77)(77)(77)(55)0(77)(77)(77)0(43)0(55)(24)
   723   120.000000      1.000000     121.000000   Etimer42         0     002003003130100000111111011100001000000001000(24)(34)0(77)(77)(77)(55)0(77)(77)(77)0(44)0(55)(24)
   724    88.000000     33.000000     121.000000   T15              0     002003003130100000111111011100001000000001000(24)(34)0(77)(77)(77)(55)0(77)(77)(77)0(45)0(55)(24)
   725    88.000000     33.000000     121.000000   T8               0     002003003130100001111111011100000000000001010(24)(34)0(77)(77)(77)(55)0(77)(77)(77)0(45)0(55)(24)
   726   121.000000      0.000000     121.000000   ImmTr12          0     002003013130100001111111001100000000000001110(24)(34)0(77)(77)(77)(55)0(77)(77)(77)0(45)0(55)(24)
   727   121.000000      0.000000     121.000000   ImmTr7           0     002003013030100001111111001101000000000001010(24)(34)0(77)(77)(77)(55)0(77)(77)(77)0(45)0(55)(24)
   728   121.000000      1.000000     122.000000   Etimer42         0     002002013030100001111111101101000000000001000(24)(34)0(77)(77)(77)(55)0(77)(77)(77)0(45)0(55)(24)
   729   122.000000      1.000000     123.000000   Etimer42         0     002002013030100001111111101101000000000001000(24)(34)0(77)(77)(77)(55)0(77)(77)(77)0(46)0(55)(24)
   730   123.000000      1.000000     124.000000   Etimer42         0     002002013030100001111111101101000000000001000(24)(34)0(77)(77)(77)(55)0(77)(77)(77)0(47)0(55)(24)
   731   124.000000      1.000000     125.000000   Etimer42         0     002002013030100001111111101101000000000001000(24)(34)0(77)(77)(77)(55)0(77)(77)(77)0(48)0(55)(24)
   732   125.000000      1.000000     126.000000   Etimer42         0     002002013030100001111111101101000000000001000(24)(34)0(77)(77)(77)(55)0(77)(77)(77)0(49)0(55)(24)
   733   126.000000      1.000000     127.000000   Etimer42         0     002002013030100001111111101101000000000001000(24)(34)0(77)(77)(77)(55)0(77)(77)(77)0(50)0(55)(24)
   734   127.000000      1.000000     128.000000   Etimer42         0     002002013030100001111111101101000000000001000(24)(34)0(77)(77)(77)(55)0(77)(77)(77)0(51)0(55)(24)
   735   128.000000      1.000000     129.000000   Etimer42         0     002002013030100001111111101101000000000001000(24)(34)0(77)(77)(77)(55)0(77)(77)(77)0(52)0(55)(24)
   736   129.000000      1.000000     130.000000   Etimer42         0     002002013030100001111111101101000000000001000(24)(34)0(77)(77)(77)(55)0(77)(77)(77)0(53)0(55)(24)
   737   130.000000      1.000000     131.000000   Etimer42         0     002002013030100001111111101101000000000001000(24)(34)0(77)(77)(77)(55)0(77)(77)(77)0(54)0(55)(24)
   738   131.000000      1.000000     132.000000   Etimer42         0     002002013030100001111111101101000000000001000(24)(34)0(77)(77)(77)(55)0(77)(77)(77)0(55)0(55)(24)
   739    77.000000     55.000000     132.000000   T9               0     002002013030100001111111101101000000000001000(24)(34)0(77)(77)(77)(55)0(77)(77)(77)0(56)0(55)(24)
   740   132.000000      1.000000     133.000000   Etimer39         0     002002013030100101111111100101000000001001000(24)(34)0(77)(77)(77)(55)0(77)(77)(77)0(56)0(55)(24)
   741   132.000000      1.000000     133.000000   Etimer42         0     002002013030100101111111100101000000001001000(24)(34)0(77)(77)(77)(55)0(78)(77)(77)0(56)0(55)(24)
   742   133.000000      1.000000     134.000000   Etimer42         0     002002013030100101111111100101000000001001000(24)(34)0(77)(77)(77)(55)0(78)(77)(77)0(57)0(55)(24)
   743   133.000000      1.000000     134.000000   Etimer39         0     002002013030100101111111100101000000001001000(24)(34)0(77)(77)(77)(55)0(78)(77)(77)0(58)0(55)(24)
   744    77.000000     57.000000     134.000000   T6               0     002002013030100101111111100101000000001001000(24)(34)0(77)(77)(77)(55)0(79)(77)(77)0(58)0(55)(24)
   745   134.000000      1.000000     135.000000   Etimer39         0     002002013030101101111110100101000000011001000(24)(34)0(77)(77)(77)(55)0(79)(77)(77)0(58)0(55)(24)
   746   134.000000      1.000000     135.000000   Etimer38         0     002002013030101101111110100101000000011001000(24)(34)0(77)(77)(77)(55)0(80)(77)(77)0(58)0(55)(24)
   747   134.000000      1.000000     135.000000   Etimer42         0     002002013030101101111110100101000000011001000(24)(34)0(77)(77)(78)(55)0(80)(77)(77)0(58)0(55)(24)
   748   135.000000      1.000000     136.000000   Etimer39         0     002002013030101101111110100101000000011001000(24)(34)0(77)(77)(78)(55)0(80)(77)(77)0(59)0(55)(24)
   749   135.000000      1.000000     136.000000   Etimer42         0     002002013030101101111110100101000000011001000(24)(34)0(77)(77)(78)(55)0(81)(77)(77)0(59)0(55)(24)
   750   135.000000      1.000000     136.000000   Etimer38         0     002002013030101101111110100101000000011001000(24)(34)0(77)(77)(78)(55)0(81)(77)(77)0(60)0(55)(24)
   751   136.000000      1.000000     137.000000   Etimer42         0     002002013030101101111110100101000000011001000(24)(34)0(77)(77)(79)(55)0(81)(77)(77)0(60)0(55)(24)
   752   136.000000      1.000000     137.000000   Etimer38         0     002002013030101101111110100101000000011001000(24)(34)0(77)(77)(79)(55)0(81)(77)(77)0(61)0(55)(24)
   753   136.000000      1.000000     137.000000   Etimer39         0     002002013030101101111110100101000000011001000(24)(34)0(77)(77)(80)(55)0(81)(77)(77)0(61)0(55)(24)
   754    77.000000     60.000000     137.000000   T12              0     002002013030101101111110100101000000011001000(24)(34)0(77)(77)(80)(55)0(82)(77)(77)0(61)0(55)(24)
   755   137.000000      1.000000     138.000000   Etimer42         0     002002013030101111111110100001000000011101000(24)(34)0(77)(77)(80)(55)0(82)(77)(77)0(61)0(55)(24)
   756   137.000000      1.000000     138.000000   Etimer40         0     002002013030101111111110100001000000011101000(24)(34)0(77)(77)(80)(55)0(82)(77)(77)0(62)0(55)(24)
   757   137.000000      1.000000     138.000000   Etimer38         0     002002013030101111111110100001000000011101000(24)(34)0(77)(77)(80)(55)0(82)(78)(77)0(62)0(55)(24)
   758   137.000000      1.000000     138.000000   Etimer39         0     002002013030101111111110100001000000011101000(24)(34)0(77)(77)(81)(55)0(82)(78)(77)0(62)0(55)(24)
   759   138.000000      1.000000     139.000000   Etimer42         0     002002013030101111111110100001000000011101000(24)(34)0(77)(77)(81)(55)0(83)(78)(77)0(62)0(55)(24)
   760   138.000000      1.000000     139.000000   Etimer39         0     002002013030101111111110100001000000011101000(24)(34)0(77)(77)(81)(55)0(83)(78)(77)0(63)0(55)(24)
   761   138.000000      1.000000     139.000000   Etimer38         0     002002013030101111111110100001000000011101000(24)(34)0(77)(77)(81)(55)0(84)(78)(77)0(63)0(55)(24)
   762   138.000000      1.000000     139.000000   Etimer40         0     002002013030101111111110100001000000011101000(24)(34)0(77)(77)(82)(55)0(84)(78)(77)0(63)0(55)(24)
   763    77.000000     62.000000     139.000000   T5               0     002002013030101111111110100001000000011101000(24)(34)0(77)(77)(82)(55)0(84)(79)(77)0(63)0(55)(24)
   764   139.000000      0.000000     139.000000   ImmTr11          0     002012013030101111111100100001000000011111000(24)(34)0(77)(77)(82)(55)0(84)(79)(77)0(63)0(55)(24)
   765   139.000000      1.000000     140.000000   Etimer42         0     002012012030101111111100100011000000011101000(24)(34)0(77)(77)(82)(55)0(84)(79)(77)0(63)0(55)(24)
   766   139.000000      1.000000     140.000000   Etimer39         0     002012012030101111111100100011000000011101000(24)(34)0(77)(77)(82)(55)0(84)(79)(77)0(64)0(55)(24)
   767   139.000000      1.000000     140.000000   Etimer40         0     002012012030101111111100100011000000011101000(24)(34)0(77)(77)(82)(55)0(85)(79)(77)0(64)0(55)(24)
   768   139.000000      1.000000     140.000000   Etimer38         0     002012012030101111111100100011000000011101000(24)(34)0(77)(77)(82)(55)0(85)(80)(77)0(64)0(55)(24)
   769   140.000000      1.000000     141.000000   Etimer39         0     002012012030101111111100100011000000011101000(24)(34)0(77)(77)(83)(55)0(85)(80)(77)0(64)0(55)(24)
   770   140.000000      1.000000     141.000000   Etimer38         0     002012012030101111111100100011000000011101000(24)(34)0(77)(77)(83)(55)0(86)(80)(77)0(64)0(55)(24)
   771   140.000000      1.000000     141.000000   Etimer42         0     002012012030101111111100100011000000011101000(24)(34)0(77)(77)(84)(55)0(86)(80)(77)0(64)0(55)(24)
   772   140.000000      1.000000     141.000000   Etimer40         0     002012012030101111111100100011000000011101000(24)(34)0(77)(77)(84)(55)0(86)(80)(77)0(65)0(55)(24)
   773   141.000000      1.000000     142.000000   Etimer42         0     002012012030101111111100100011000000011101000(24)(34)0(77)(77)(84)(55)0(86)(81)(77)0(65)0(55)(24)
   774   141.000000      1.000000     142.000000   Etimer40         0     002012012030101111111100100011000000011101000(24)(34)0(77)(77)(84)(55)0(86)(81)(77)0(66)0(55)(24)
   775   141.000000      1.000000     142.000000   Etimer39         0     002012012030101111111100100011000000011101000(24)(34)0(77)(77)(84)(55)0(86)(82)(77)0(66)0(55)(24)
   776   141.000000      1.000000     142.000000   Etimer38         0     002012012030101111111100100011000000011101000(24)(34)0(77)(77)(84)(55)0(87)(82)(77)0(66)0(55)(24)
   777   142.000000      1.000000     143.000000   Etimer38         0     002012012030101111111100100011000000011101000(24)(34)0(77)(77)(85)(55)0(87)(82)(77)0(66)0(55)(24)
   778   142.000000      1.000000     143.000000   Etimer39         0     002012012030101111111100100011000000011101000(24)(34)0(77)(77)(86)(55)0(87)(82)(77)0(66)0(55)(24)
   779   142.000000      1.000000     143.000000   Etimer40         0     002012012030101111111100100011000000011101000(24)(34)0(77)(77)(86)(55)0(88)(82)(77)0(66)0(55)(24)
   780   142.000000      1.000000     143.000000   Etimer42         0     002012012030101111111100100011000000011101000(24)(34)0(77)(77)(86)(55)0(88)(83)(77)0(66)0(55)(24)
   781   143.000000      1.000000     144.000000   Etimer42         0     002012012030101111111100100011000000011101000(24)(34)0(77)(77)(86)(55)0(88)(83)(77)0(67)0(55)(24)
   782   143.000000      1.000000     144.000000   Etimer39         0     002012012030101111111100100011000000011101000(24)(34)0(77)(77)(86)(55)0(88)(83)(77)0(68)0(55)(24)
   783   143.000000      1.000000     144.000000   Etimer38         0     002012012030101111111100100011000000011101000(24)(34)0(77)(77)(86)(55)0(89)(83)(77)0(68)0(55)(24)
   784   143.000000      1.000000     144.000000   Etimer40         0     002012012030101111111100100011000000011101000(24)(34)0(77)(77)(87)(55)0(89)(83)(77)0(68)0(55)(24)
   785   144.000000      1.000000     145.000000   Etimer40         0     002012012030101111111100100011000000011101000(24)(34)0(77)(77)(87)(55)0(89)(84)(77)0(68)0(55)(24)
   786   144.000000      1.000000     145.000000   Etimer39         0     002012012030101111111100100011000000011101000(24)(34)0(77)(77)(87)(55)0(89)(85)(77)0(68)0(55)(24)
   787   144.000000      1.000000     145.000000   Etimer42         0     002012012030101111111100100011000000011101000(24)(34)0(77)(77)(87)(55)0(90)(85)(77)0(68)0(55)(24)
   788   144.000000      1.000000     145.000000   Etimer38         0     002012012030101111111100100011000000011101000(24)(34)0(77)(77)(87)(55)0(90)(85)(77)0(69)0(55)(24)
   789    77.000000     68.000000     145.000000   T4               0     002012012030101111111100100011000000011101000(24)(34)0(77)(77)(88)(55)0(90)(85)(77)0(69)0(55)(24)
   790   145.000000      1.000000     146.000000   Etimer39         0     002112012030101111111000100011000000111101000(24)(34)0(77)(77)(88)(55)0(90)(85)(77)0(69)0(55)(24)
   791   145.000000      1.000000     146.000000   Etimer42         0     002112012030101111111000100011000000111101000(24)(34)0(77)(77)(88)(55)0(91)(85)(77)0(69)0(55)(24)
   792   145.000000      1.000000     146.000000   Etimer38         0     002112012030101111111000100011000000111101000(24)(34)0(77)(77)(88)(55)0(91)(85)(77)0(70)0(55)(24)
   793   145.000000      1.000000     146.000000   Etimer40         0     002112012030101111111000100011000000111101000(24)(34)0(77)(77)(89)(55)0(91)(85)(77)0(70)0(55)(24)
   794   145.000000      1.000000     146.000000   Etimer37         0     002112012030101111111000100011000000111101000(24)(34)0(77)(77)(89)(55)0(91)(86)(77)0(70)0(55)(24)
   795   146.000000      1.000000     147.000000   Etimer40         0     002112012030101111111000100011000000111101000(24)(34)0(78)(77)(89)(55)0(91)(86)(77)0(70)0(55)(24)
   796   146.000000      1.000000     147.000000   Etimer37         0     002112012030101111111000100011000000111101000(24)(34)0(78)(77)(89)(55)0(91)(87)(77)0(70)0(55)(24)
   797   146.000000      1.000000     147.000000   Etimer38         0     002112012030101111111000100011000000111101000(24)(34)0(79)(77)(89)(55)0(91)(87)(77)0(70)0(55)(24)
   798   146.000000      1.000000     147.000000   Etimer39         0     002112012030101111111000100011000000111101000(24)(34)0(79)(77)(90)(55)0(91)(87)(77)0(70)0(55)(24)
   799   146.000000      1.000000     147.000000   Etimer42         0     002112012030101111111000100011000000111101000(24)(34)0(79)(77)(90)(55)0(92)(87)(77)0(70)0(55)(24)
   800   147.000000      1.000000     148.000000   Etimer37         0     002112012030101111111000100011000000111101000(24)(34)0(79)(77)(90)(55)0(92)(87)(77)0(71)0(55)(24)
   801   147.000000      1.000000     148.000000   Etimer38         0     002112012030101111111000100011000000111101000(24)(34)0(80)(77)(90)(55)0(92)(87)(77)0(71)0(55)(24)
   802   147.000000      1.000000     148.000000   Etimer40         0     002112012030101111111000100011000000111101000(24)(34)0(80)(77)(91)(55)0(92)(87)(77)0(71)0(55)(24)
   803   147.000000      1.000000     148.000000   Etimer42         0     002112012030101111111000100011000000111101000(24)(34)0(80)(77)(91)(55)0(92)(88)(77)0(71)0(55)(24)
   804   147.000000      1.000000     148.000000   Etimer39         0     002112012030101111111000100011000000111101000(24)(34)0(80)(77)(91)(55)0(92)(88)(77)0(72)0(55)(24)
   805   148.000000      1.000000     149.000000   Etimer40         0     002112012030101111111000100011000000111101000(24)(34)0(80)(77)(91)(55)0(93)(88)(77)0(72)0(55)(24)
   806   148.000000      1.000000     149.000000   Etimer37         0     002112012030101111111000100011000000111101000(24)(34)0(80)(77)(91)(55)0(93)(89)(77)0(72)0(55)(24)
   807   148.000000      1.000000     149.000000   Etimer39         0     002112012030101111111000100011000000111101000(24)(34)0(81)(77)(91)(55)0(93)(89)(77)0(72)0(55)(24)
   808   148.000000      1.000000     149.000000   Etimer38         0     002112012030101111111000100011000000111101000(24)(34)0(81)(77)(91)(55)0(94)(89)(77)0(72)0(55)(24)
   809   148.000000      1.000000     149.000000   Etimer42         0     002112012030101111111000100011000000111101000(24)(34)0(81)(77)(92)(55)0(94)(89)(77)0(72)0(55)(24)
   810   149.000000      1.000000     150.000000   Etimer40         0     002112012030101111111000100011000000111101000(24)(34)0(81)(77)(92)(55)0(94)(89)(77)0(73)0(55)(24)
   811   149.000000      1.000000     150.000000   Etimer37         0     002112012030101111111000100011000000111101000(24)(34)0(81)(77)(92)(55)0(94)(90)(77)0(73)0(55)(24)
   812   149.000000      1.000000     150.000000   Etimer39         0     002112012030101111111000100011000000111101000(24)(34)0(82)(77)(92)(55)0(94)(90)(77)0(73)0(55)(24)
   813   149.000000      1.000000     150.000000   Etimer42         0     002112012030101111111000100011000000111101000(24)(34)0(82)(77)(92)(55)0(95)(90)(77)0(73)0(55)(24)
   814   149.000000      1.000000     150.000000   Etimer38         0     002112012030101111111000100011000000111101000(24)(34)0(82)(77)(92)(55)0(95)(90)(77)0(74)0(55)(24)
   815   150.000000      1.000000     151.000000   Etimer38         0     002112012030101111111000100011000000111101000(24)(34)0(82)(77)(93)(55)0(95)(90)(77)0(74)0(55)(24)
   816   150.000000      1.000000     151.000000   Etimer37         0     002112012030101111111000100011000000111101000(24)(34)0(82)(77)(94)(55)0(95)(90)(77)0(74)0(55)(24)
   817   150.000000      1.000000     151.000000   Etimer40         0     002112012030101111111000100011000000111101000(24)(34)0(83)(77)(94)(55)0(95)(90)(77)0(74)0(55)(24)
   818   150.000000      1.000000     151.000000   Etimer42         0     002112012030101111111000100011000000111101000(24)(34)0(83)(77)(94)(55)0(95)(91)(77)0(74)0(55)(24)
   819   150.000000      1.000000     151.000000   Etimer39         0     002112012030101111111000100011000000111101000(24)(34)0(83)(77)(94)(55)0(95)(91)(77)0(75)0(55)(24)
   820   151.000000      1.000000     152.000000   Etimer38         0     002112012030101111111000100011000000111101000(24)(34)0(83)(77)(94)(55)0(96)(91)(77)0(75)0(55)(24)
   821   151.000000      1.000000     152.000000   Etimer37         0     002112012030101111111000100011000000111101000(24)(34)0(83)(77)(95)(55)0(96)(91)(77)0(75)0(55)(24)
   822   151.000000      1.000000     152.000000   Etimer39         0     002112012030101111111000100011000000111101000(24)(34)0(84)(77)(95)(55)0(96)(91)(77)0(75)0(55)(24)
   823   151.000000      1.000000     152.000000   Etimer42         0     002112012030101111111000100011000000111101000(24)(34)0(84)(77)(95)(55)0(97)(91)(77)0(75)0(55)(24)
   824   151.000000      1.000000     152.000000   Etimer40         0     002112012030101111111000100011000000111101000(24)(34)0(84)(77)(95)(55)0(97)(91)(77)0(76)0(55)(24)
   825   152.000000      1.000000     153.000000   Etimer42         0     002112012030101111111000100011000000111101000(24)(34)0(84)(77)(95)(55)0(97)(92)(77)0(76)0(55)(24)
   826   152.000000      1.000000     153.000000   Etimer38         0     002112012030101111111000100011000000111101000(24)(34)0(84)(77)(95)(55)0(97)(92)(77)0(77)0(55)(24)
   827   152.000000      1.000000     153.000000   Etimer39         0     002112012030101111111000100011000000111101000(24)(34)0(84)(77)(96)(55)0(97)(92)(77)0(77)0(55)(24)
   828   152.000000      1.000000     153.000000   Etimer37         0     002112012030101111111000100011000000111101000(24)(34)0(84)(77)(96)(55)0(98)(92)(77)0(77)0(55)(24)
   829   152.000000      1.000000     153.000000   Etimer40         0     002112012030101111111000100011000000111101000(24)(34)0(85)(77)(96)(55)0(98)(92)(77)0(77)0(55)(24)
   830   153.000000      1.000000     154.000000   Etimer38         0     002112012030101111111000100011000000111101000(24)(34)0(85)(77)(96)(55)0(98)(93)(77)0(77)0(55)(24)
   831   153.000000      1.000000     154.000000   Etimer39         0     002112012030101111111000100011000000111101000(24)(34)0(85)(77)(97)(55)0(98)(93)(77)0(77)0(55)(24)
   832   153.000000      1.000000     154.000000   Etimer37         0     002112012030101111111000100011000000111101000(24)(34)0(85)(77)(97)(55)0(99)(93)(77)0(77)0(55)(24)
   833   153.000000      1.000000     154.000000   Etimer40         0     002112012030101111111000100011000000111101000(24)(34)0(86)(77)(97)(55)0(99)(93)(77)0(77)0(55)(24)
   834   153.000000      1.000000     154.000000   Etimer42         0     002112012030101111111000100011000000111101000(24)(34)0(86)(77)(97)(55)0(99)(94)(77)0(77)0(55)(24)
   835   154.000000      1.000000     155.000000   Etimer37         0     002112012030101111111000100011000000111101000(24)(34)0(86)(77)(97)(55)0(99)(94)(77)0(78)0(55)(24)
   836   154.000000      1.000000     155.000000   Etimer38         0     002112012030101111111000100011000000111101000(24)(34)0(87)(77)(97)(55)0(99)(94)(77)0(78)0(55)(24)
   837   154.000000      1.000000     155.000000   Etimer39         0     002112012030101111111000100011000000111101000(24)(34)0(87)(77)(98)(55)0(99)(94)(77)0(78)0(55)(24)
   838   154.000000      1.000000     155.000000   Etimer42         0     002112012030101111111000100011000000111101000(24)(34)0(87)(77)(98)(55)0(100)(94)(77)0(78)0(55)(24)
   839   154.000000      1.000000     155.000000   Etimer40         0     002112012030101111111000100011000000111101000(24)(34)0(87)(77)(98)(55)0(100)(94)(77)0(79)0(55)(24)
   840   155.000000      1.000000     156.000000   Etimer37         0     002112012030101111111000100011000000111101000(24)(34)0(87)(77)(98)(55)0(100)(95)(77)0(79)0(55)(24)
   841   155.000000      1.000000     156.000000   Etimer42         0     002112012030101111111000100011000000111101000(24)(34)0(88)(77)(98)(55)0(100)(95)(77)0(79)0(55)(24)
   842   155.000000      1.000000     156.000000   Etimer38         0     002112012030101111111000100011000000111101000(24)(34)0(88)(77)(98)(55)0(100)(95)(77)0(80)0(55)(24)
   843   155.000000      1.000000     156.000000   Etimer40         0     002112012030101111111000100011000000111101000(24)(34)0(88)(77)(99)(55)0(100)(95)(77)0(80)0(55)(24)
   844   155.000000      1.000000     156.000000   Etimer39         0     002112012030101111111000100011000000111101000(24)(34)0(88)(77)(99)(55)0(100)(96)(77)0(80)0(55)(24)
   845   156.000000      1.000000     157.000000   Etimer38         0     002112012030101111111000100011000000111101000(24)(34)0(88)(77)(99)(55)0(101)(96)(77)0(80)0(55)(24)
   846   156.000000      1.000000     157.000000   Etimer42         0     002112012030101111111000100011000000111101000(24)(34)0(88)(77)(100)(55)0(101)(96)(77)0(80)0(55)(24)
   847   156.000000      1.000000     157.000000   Etimer40         0     002112012030101111111000100011000000111101000(24)(34)0(88)(77)(100)(55)0(101)(96)(77)0(81)0(55)(24)
   848   156.000000      1.000000     157.000000   Etimer37         0     002112012030101111111000100011000000111101000(24)(34)0(88)(77)(100)(55)0(101)(97)(77)0(81)0(55)(24)
   849   156.000000      1.000000     157.000000   Etimer39         0     002112012030101111111000100011000000111101000(24)(34)0(89)(77)(100)(55)0(101)(97)(77)0(81)0(55)(24)
   850   157.000000      1.000000     158.000000   Etimer40         0     002112012030101111111000100011000000111101000(24)(34)0(89)(77)(100)(55)0(102)(97)(77)0(81)0(55)(24)
   851   157.000000      1.000000     158.000000   Etimer38         0     002112012030101111111000100011000000111101000(24)(34)0(89)(77)(100)(55)0(102)(98)(77)0(81)0(55)(24)
   852   157.000000      1.000000     158.000000   Etimer37         0     002112012030101111111000100011000000111101000(24)(34)0(89)(77)(101)(55)0(102)(98)(77)0(81)0(55)(24)
   853   157.000000      1.000000     158.000000   Etimer42         0     002112012030101111111000100011000000111101000(24)(34)0(90)(77)(101)(55)0(102)(98)(77)0(81)0(55)(24)
   854   157.000000      1.000000     158.000000   Etimer39         0     002112012030101111111000100011000000111101000(24)(34)0(90)(77)(101)(55)0(102)(98)(77)0(82)0(55)(24)
   855   158.000000      1.000000     159.000000   Etimer38         0     002112012030101111111000100011000000111101000(24)(34)0(90)(77)(101)(55)0(103)(98)(77)0(82)0(55)(24)
   856   158.000000      1.000000     159.000000   Etimer40         0     002112012030101111111000100011000000111101000(24)(34)0(90)(77)(102)(55)0(103)(98)(77)0(82)0(55)(24)
   857   158.000000      1.000000     159.000000   Etimer39         0     002112012030101111111000100011000000111101000(24)(34)0(90)(77)(102)(55)0(103)(99)(77)0(82)0(55)(24)
   858   158.000000      1.000000     159.000000   Etimer37         0     002112012030101111111000100011000000111101000(24)(34)0(90)(77)(102)(55)0(104)(99)(77)0(82)0(55)(24)
   859   158.000000      1.000000     159.000000   Etimer42         0     002112012030101111111000100011000000111101000(24)(34)0(91)(77)(102)(55)0(104)(99)(77)0(82)0(55)(24)
   860   159.000000      1.000000     160.000000   Etimer38         0     002112012030101111111000100011000000111101000(24)(34)0(91)(77)(102)(55)0(104)(99)(77)0(83)0(55)(24)
   861   159.000000      1.000000     160.000000   Etimer40         0     002112012030101111111000100011000000111101000(24)(34)0(91)(77)(103)(55)0(104)(99)(77)0(83)0(55)(24)
   862   159.000000      1.000000     160.000000   Etimer39         0     002112012030101111111000100011000000111101000(24)(34)0(91)(77)(103)(55)0(104)(100)(77)0(83)0(55)(24)
   863   159.000000      1.000000     160.000000   Etimer37         0     002112012030101111111000100011000000111101000(24)(34)0(91)(77)(103)(55)0(105)(100)(77)0(83)0(55)(24)
   864   159.000000      1.000000     160.000000   Etimer42         0     002112012030101111111000100011000000111101000(24)(34)0(92)(77)(103)(55)0(105)(100)(77)0(83)0(55)(24)
   865   160.000000      1.000000     161.000000   Etimer40         0     002112012030101111111000100011000000111101000(24)(34)0(92)(77)(103)(55)0(105)(100)(77)0(84)0(55)(24)
   866   160.000000      1.000000     161.000000   Etimer39         0     002112012030101111111000100011000000111101000(24)(34)0(92)(77)(103)(55)0(105)(101)(77)0(84)0(55)(24)
   867   160.000000      1.000000     161.000000   Etimer37         0     002112012030101111111000100011000000111101000(24)(34)0(92)(77)(103)(55)0(106)(101)(77)0(84)0(55)(24)
   868   160.000000      1.000000     161.000000   Etimer42         0     002112012030101111111000100011000000111101000(24)(34)0(93)(77)(103)(55)0(106)(101)(77)0(84)0(55)(24)
   869   160.000000      1.000000     161.000000   Etimer38         0     002112012030101111111000100011000000111101000(24)(34)0(93)(77)(103)(55)0(106)(101)(77)0(85)0(55)(24)
   870   161.000000      1.000000     162.000000   Etimer37         0     002112012030101111111000100011000000111101000(24)(34)0(93)(77)(104)(55)0(106)(101)(77)0(85)0(55)(24)
   871   161.000000      1.000000     162.000000   Etimer39         0     002112012030101111111000100011000000111101000(24)(34)0(94)(77)(104)(55)0(106)(101)(77)0(85)0(55)(24)
   872   161.000000      1.000000     162.000000   Etimer40         0     002112012030101111111000100011000000111101000(24)(34)0(94)(77)(104)(55)0(107)(101)(77)0(85)0(55)(24)
   873   161.000000      1.000000     162.000000   Etimer38         0     002112012030101111111000100011000000111101000(24)(34)0(94)(77)(104)(55)0(107)(102)(77)0(85)0(55)(24)
   874   161.000000      1.000000     162.000000   Etimer42         0     002112012030101111111000100011000000111101000(24)(34)0(94)(77)(105)(55)0(107)(102)(77)0(85)0(55)(24)
   875   162.000000      1.000000     163.000000   Etimer40         0     002112012030101111111000100011000000111101000(24)(34)0(94)(77)(105)(55)0(107)(102)(77)0(86)0(55)(24)
   876   162.000000      1.000000     163.000000   Etimer37         0     002112012030101111111000100011000000111101000(24)(34)0(94)(77)(105)(55)0(107)(103)(77)0(86)0(55)(24)
   877   162.000000      1.000000     163.000000   Etimer38         0     002112012030101111111000100011000000111101000(24)(34)0(95)(77)(105)(55)0(107)(103)(77)0(86)0(55)(24)
   878   162.000000      1.000000     163.000000   Etimer42         0     002112012030101111111000100011000000111101000(24)(34)0(95)(77)(106)(55)0(107)(103)(77)0(86)0(55)(24)
   879   162.000000      1.000000     163.000000   Etimer39         0     002112012030101111111000100011000000111101000(24)(34)0(95)(77)(106)(55)0(107)(103)(77)0(87)0(55)(24)
   880   163.000000      1.000000     164.000000   Etimer37         0     002112012030101111111000100011000000111101000(24)(34)0(95)(77)(106)(55)0(108)(103)(77)0(87)0(55)(24)
   881   163.000000      1.000000     164.000000   Etimer38         0     002112012030101111111000100011000000111101000(24)(34)0(96)(77)(106)(55)0(108)(103)(77)0(87)0(55)(24)
   882   163.000000      1.000000     164.000000   Etimer42         0     002112012030101111111000100011000000111101000(24)(34)0(96)(77)(107)(55)0(108)(103)(77)0(87)0(55)(24)
   883   163.000000      1.000000     164.000000   Etimer40         0     002112012030101111111000100011000000111101000(24)(34)0(96)(77)(107)(55)0(108)(103)(77)0(88)0(55)(24)
   884   163.000000      1.000000     164.000000   Etimer39         0     002112012030101111111000100011000000111101000(24)(34)0(96)(77)(107)(55)0(108)(104)(77)0(88)0(55)(24)
   885   111.000000     53.000000     164.000000   T1               0     002112012030101111111000100011000000111101000(24)(34)0(96)(77)(107)(55)0(109)(104)(77)0(88)0(55)(24)
   886   164.000000      0.000000     164.000000   ImmTr16          0     102112012030101111011000100011000000111101001(24)(34)0(96)(77)(107)(55)0(109)(104)(77)0(88)0(55)(24)
   887   164.000000      0.000000     164.000000   ImmTr6           0     102112012030100000011000100011000100111101000(24)(34)0(96)(77)(107)(55)0(109)(104)(77)0(88)0(55)(24)
   888   164.000000      0.000000     164.000000   ImmTr9           0     102102012030100000011001100011000100101101000(24)(34)0(96)(77)(107)(55)0(109)(104)(77)0(88)0(55)(24)
   889   164.000000      1.000000     165.000000   Etimer40         0     102102002030100000011001101011000100100101000(24)(34)0(96)(77)(107)(55)0(109)(104)(77)0(88)0(55)(24)
   890   164.000000      1.000000     165.000000   Etimer42         0     102102002030100000011001101011000100100101000(24)(34)0(96)(77)(107)(55)0(109)(105)(77)0(88)0(55)(24)
   891   164.000000      1.000000     165.000000   Etimer37         0     102102002030100000011001101011000100100101000(24)(34)0(96)(77)(107)(55)0(109)(105)(77)0(89)0(55)(24)
   892   165.000000      1.000000     166.000000   Etimer37         0     102102002030100000011001101011000100100101000(24)(34)0(97)(77)(107)(55)0(109)(105)(77)0(89)0(55)(24)
   893   165.000000      1.000000     166.000000   Etimer40         0     102102002030100000011001101011000100100101000(24)(34)0(98)(77)(107)(55)0(109)(105)(77)0(89)0(55)(24)
   894   165.000000      1.000000     166.000000   Etimer42         0     102102002030100000011001101011000100100101000(24)(34)0(98)(77)(107)(55)0(109)(106)(77)0(89)0(55)(24)
   895   100.000000     66.000000     166.000000   T2               0     102102002030100000011001101011000100100101000(24)(34)0(98)(77)(107)(55)0(109)(106)(77)0(90)0(55)(24)
   896   166.000000      1.000000     167.000000   Etimer35         0     112102002030100000001001101011000110100101000(24)(34)0(98)(77)(107)(55)0(109)(106)(77)0(90)0(55)(24)
   897   166.000000      1.000000     167.000000   Etimer42         0     112102002030100000001001101011000110100101000(24)(35)0(98)(77)(107)(55)0(109)(106)(77)0(90)0(55)(24)
   898   166.000000      1.000000     167.000000   Etimer37         0     112102002030100000001001101011000110100101000(24)(35)0(98)(77)(107)(55)0(109)(106)(77)0(91)0(55)(24)
   899   166.000000      1.000000     167.000000   Etimer40         0     112102002030100000001001101011000110100101000(24)(35)0(99)(77)(107)(55)0(109)(106)(77)0(91)0(55)(24)
   900   167.000000      1.000000     168.000000   Etimer37         0     112102002030100000001001101011000110100101000(24)(35)0(99)(77)(107)(55)0(109)(107)(77)0(91)0(55)(24)
   901   167.000000      1.000000     168.000000   Etimer40         0     112102002030100000001001101011000110100101000(24)(35)0(100)(77)(107)(55)0(109)(107)(77)0(91)0(55)(24)
   902   167.000000      1.000000     168.000000   Etimer35         0     112102002030100000001001101011000110100101000(24)(35)0(100)(77)(107)(55)0(109)(108)(77)0(91)0(55)(24)
   903   167.000000      1.000000     168.000000   Etimer42         0     112102002030100000001001101011000110100101000(24)(36)0(100)(77)(107)(55)0(109)(108)(77)0(91)0(55)(24)
   904   168.000000      1.000000     169.000000   Etimer40         0     112102002030100000001001101011000110100101000(24)(36)0(100)(77)(107)(55)0(109)(108)(77)0(92)0(55)(24)
   905   168.000000      1.000000     169.000000   Etimer42         0     112102002030100000001001101011000110100101000(24)(36)0(100)(77)(107)(55)0(109)(109)(77)0(92)0(55)(24)
   906   168.000000      1.000000     169.000000   Etimer37         0     112102002030100000001001101011000110100101000(24)(36)0(100)(77)(107)(55)0(109)(109)(77)0(93)0(55)(24)
   907   168.000000      1.000000     169.000000   Etimer35         0     112102002030100000001001101011000110100101000(24)(36)0(101)(77)(107)(55)0(109)(109)(77)0(93)0(55)(24)
   908   169.000000      1.000000     170.000000   Etimer40         0     112102002030100000001001101011000110100101000(24)(37)0(101)(77)(107)(55)0(109)(109)(77)0(93)0(55)(24)
   909   169.000000      1.000000     170.000000   Etimer35         0     112102002030100000001001101011000110100101000(24)(37)0(101)(77)(107)(55)0(109)(110)(77)0(93)0(55)(24)
   910   169.000000      1.000000     170.000000   Etimer42         0     112102002030100000001001101011000110100101000(24)(38)0(101)(77)(107)(55)0(109)(110)(77)0(93)0(55)(24)
   911   169.000000      1.000000     170.000000   Etimer37         0     112102002030100000001001101011000110100101000(24)(38)0(101)(77)(107)(55)0(109)(110)(77)0(94)0(55)(24)
   912   170.000000      1.000000     171.000000   Etimer40         0     112102002030100000001001101011000110100101000(24)(38)0(102)(77)(107)(55)0(109)(110)(77)0(94)0(55)(24)
   913   170.000000      1.000000     171.000000   Etimer42         0     112102002030100000001001101011000110100101000(24)(38)0(102)(77)(107)(55)0(109)(111)(77)0(94)0(55)(24)
   914   170.000000      1.000000     171.000000   Etimer35         0     112102002030100000001001101011000110100101000(24)(38)0(102)(77)(107)(55)0(109)(111)(77)0(95)0(55)(24)
   915   170.000000      1.000000     171.000000   Etimer37         0     112102002030100000001001101011000110100101000(24)(39)0(102)(77)(107)(55)0(109)(111)(77)0(95)0(55)(24)
   916   171.000000      1.000000     172.000000   Etimer42         0     112102002030100000001001101011000110100101000(24)(39)0(103)(77)(107)(55)0(109)(111)(77)0(95)0(55)(24)
   917   171.000000      1.000000     172.000000   Etimer35         0     112102002030100000001001101011000110100101000(24)(39)0(103)(77)(107)(55)0(109)(111)(77)0(96)0(55)(24)
   918   171.000000      1.000000     172.000000   Etimer37         0     112102002030100000001001101011000110100101000(24)(40)0(103)(77)(107)(55)0(109)(111)(77)0(96)0(55)(24)
   919   171.000000      1.000000     172.000000   Etimer40         0     112102002030100000001001101011000110100101000(24)(40)0(104)(77)(107)(55)0(109)(111)(77)0(96)0(55)(24)
   920   172.000000      1.000000     173.000000   Etimer42         0     112102002030100000001001101011000110100101000(24)(40)0(104)(77)(107)(55)0(109)(112)(77)0(96)0(55)(24)
   921   172.000000      1.000000     173.000000   Etimer40         0     112102002030100000001001101011000110100101000(24)(40)0(104)(77)(107)(55)0(109)(112)(77)0(97)0(55)(24)
   922   172.000000      1.000000     173.000000   Etimer37         0     112102002030100000001001101011000110100101000(24)(40)0(104)(77)(107)(55)0(109)(113)(77)0(97)0(55)(24)
   923   172.000000      1.000000     173.000000   Etimer35         0     112102002030100000001001101011000110100101000(24)(40)0(105)(77)(107)(55)0(109)(113)(77)0(97)0(55)(24)
   924   173.000000      1.000000     174.000000   Etimer40         0     112102002030100000001001101011000110100101000(24)(41)0(105)(77)(107)(55)0(109)(113)(77)0(97)0(55)(24)
   925   173.000000      1.000000     174.000000   Etimer42         0     112102002030100000001001101011000110100101000(24)(41)0(105)(77)(107)(55)0(109)(114)(77)0(97)0(55)(24)
   926   173.000000      1.000000     174.000000   Etimer37         0     112102002030100000001001101011000110100101000(24)(41)0(105)(77)(107)(55)0(109)(114)(77)0(98)0(55)(24)
   927   173.000000      1.000000     174.000000   Etimer35         0     112102002030100000001001101011000110100101000(24)(41)0(106)(77)(107)(55)0(109)(114)(77)0(98)0(55)(24)
   928   174.000000      1.000000     175.000000   Etimer40         0     112102002030100000001001101011000110100101000(24)(42)0(106)(77)(107)(55)0(109)(114)(77)0(98)0(55)(24)
   929   174.000000      1.000000     175.000000   Etimer35         0     112102002030100000001001101011000110100101000(24)(42)0(106)(77)(107)(55)0(109)(115)(77)0(98)0(55)(24)
   930   174.000000      1.000000     175.000000   Etimer42         0     112102002030100000001001101011000110100101000(24)(43)0(106)(77)(107)(55)0(109)(115)(77)0(98)0(55)(24)
   931   174.000000      1.000000     175.000000   Etimer37         0     112102002030100000001001101011000110100101000(24)(43)0(106)(77)(107)(55)0(109)(115)(77)0(99)0(55)(24)
   932   175.000000      1.000000     176.000000   Etimer42         0     112102002030100000001001101011000110100101000(24)(43)0(107)(77)(107)(55)0(109)(115)(77)0(99)0(55)(24)
   933   175.000000      1.000000     176.000000   Etimer37         0     112102002030100000001001101011000110100101000(24)(43)0(107)(77)(107)(55)0(109)(115)(77)0(100)0(55)(24)
   934   175.000000      1.000000     176.000000   Etimer35         0     112102002030100000001001101011000110100101000(24)(43)0(108)(77)(107)(55)0(109)(115)(77)0(100)0(55)(24)
   935   175.000000      1.000000     176.000000   Etimer40         0     112102002030100000001001101011000110100101000(24)(44)0(108)(77)(107)(55)0(109)(115)(77)0(100)0(55)(24)
   936   176.000000      1.000000     177.000000   Etimer42         0     112102002030100000001001101011000110100101000(24)(44)0(108)(77)(107)(55)0(109)(116)(77)0(100)0(55)(24)
   937   176.000000      1.000000     177.000000   Etimer37         0     112102002030100000001001101011000110100101000(24)(44)0(108)(77)(107)(55)0(109)(116)(77)0(101)0(55)(24)
   938   176.000000      1.000000     177.000000   Etimer35         0     112102002030100000001001101011000110100101000(24)(44)0(109)(77)(107)(55)0(109)(116)(77)0(101)0(55)(24)
   939   176.000000      1.000000     177.000000   Etimer40         0     112102002030100000001001101011000110100101000(24)(45)0(109)(77)(107)(55)0(109)(116)(77)0(101)0(55)(24)
   940   177.000000      1.000000     178.000000   Etimer35         0     112102002030100000001001101011000110100101000(24)(45)0(109)(77)(107)(55)0(109)(117)(77)0(101)0(55)(24)
   941   177.000000      1.000000     178.000000   Etimer37         0     112102002030100000001001101011000110100101000(24)(46)0(109)(77)(107)(55)0(109)(117)(77)0(101)0(55)(24)
   942   177.000000      1.000000     178.000000   Etimer42         0     112102002030100000001001101011000110100101000(24)(46)0(110)(77)(107)(55)0(109)(117)(77)0(101)0(55)(24)
   943   177.000000      1.000000     178.000000   Etimer40         0     112102002030100000001001101011000110100101000(24)(46)0(110)(77)(107)(55)0(109)(117)(77)0(102)0(55)(24)
   944   178.000000      1.000000     179.000000   Etimer37         0     112102002030100000001001101011000110100101000(24)(46)0(110)(77)(107)(55)0(109)(118)(77)0(102)0(55)(24)
   945   178.000000      1.000000     179.000000   Etimer40         0     112102002030100000001001101011000110100101000(24)(46)0(111)(77)(107)(55)0(109)(118)(77)0(102)0(55)(24)
   946   178.000000      1.000000     179.000000   Etimer42         0     112102002030100000001001101011000110100101000(24)(46)0(111)(77)(107)(55)0(109)(119)(77)0(102)0(55)(24)
   947   178.000000      1.000000     179.000000   Etimer35         0     112102002030100000001001101011000110100101000(24)(46)0(111)(77)(107)(55)0(109)(119)(77)0(103)0(55)(24)
   948   179.000000      1.000000     180.000000   Etimer42         0     112102002030100000001001101011000110100101000(24)(47)0(111)(77)(107)(55)0(109)(119)(77)0(103)0(55)(24)
   949   179.000000      1.000000     180.000000   Etimer37         0     112102002030100000001001101011000110100101000(24)(47)0(111)(77)(107)(55)0(109)(119)(77)0(104)0(55)(24)
   950   179.000000      1.000000     180.000000   Etimer40         0     112102002030100000001001101011000110100101000(24)(47)0(112)(77)(107)(55)0(109)(119)(77)0(104)0(55)(24)
   951   179.000000      1.000000     180.000000   Etimer35         0     112102002030100000001001101011000110100101000(24)(47)0(112)(77)(107)(55)0(109)(120)(77)0(104)0(55)(24)
   952   180.000000      1.000000     181.000000   Etimer42         0     112102002030100000001001101011000110100101000(24)(48)0(112)(77)(107)(55)0(109)(120)(77)0(104)0(55)(24)
   953   180.000000      1.000000     181.000000   Etimer35         0     112102002030100000001001101011000110100101000(24)(48)0(112)(77)(107)(55)0(109)(120)(77)0(105)0(55)(24)
   954   180.000000      1.000000     181.000000   Etimer37         0     112102002030100000001001101011000110100101000(24)(49)0(112)(77)(107)(55)0(109)(120)(77)0(105)0(55)(24)
   955   180.000000      1.000000     181.000000   Etimer40         0     112102002030100000001001101011000110100101000(24)(49)0(113)(77)(107)(55)0(109)(120)(77)0(105)0(55)(24)
   956   181.000000      1.000000     182.000000   Etimer40         0     112102002030100000001001101011000110100101000(24)(49)0(113)(77)(107)(55)0(109)(121)(77)0(105)0(55)(24)
   957   181.000000      1.000000     182.000000   Etimer37         0     112102002030100000001001101011000110100101000(24)(49)0(113)(77)(107)(55)0(109)(122)(77)0(105)0(55)(24)
   958   181.000000      1.000000     182.000000   Etimer35         0     112102002030100000001001101011000110100101000(24)(49)0(114)(77)(107)(55)0(109)(122)(77)0(105)0(55)(24)
   959   181.000000      1.000000     182.000000   Etimer42         0     112102002030100000001001101011000110100101000(24)(50)0(114)(77)(107)(55)0(109)(122)(77)0(105)0(55)(24)
   960   182.000000      1.000000     183.000000   Etimer40         0     112102002030100000001001101011000110100101000(24)(50)0(114)(77)(107)(55)0(109)(122)(77)0(106)0(55)(24)
   961   182.000000      1.000000     183.000000   Etimer35         0     112102002030100000001001101011000110100101000(24)(50)0(114)(77)(107)(55)0(109)(123)(77)0(106)0(55)(24)
   962   182.000000      1.000000     183.000000   Etimer37         0     112102002030100000001001101011000110100101000(24)(51)0(114)(77)(107)(55)0(109)(123)(77)0(106)0(55)(24)
   963   182.000000      1.000000     183.000000   Etimer42         0     112102002030100000001001101011000110100101000(24)(51)0(115)(77)(107)(55)0(109)(123)(77)0(106)0(55)(24)
   964   183.000000      1.000000     184.000000   Etimer42         0     112102002030100000001001101011000110100101000(24)(51)0(115)(77)(107)(55)0(109)(123)(77)0(107)0(55)(24)
   965   183.000000      1.000000     184.000000   Etimer35         0     112102002030100000001001101011000110100101000(24)(51)0(115)(77)(107)(55)0(109)(123)(77)0(108)0(55)(24)
   966   183.000000      1.000000     184.000000   Etimer37         0     112102002030100000001001101011000110100101000(24)(52)0(115)(77)(107)(55)0(109)(123)(77)0(108)0(55)(24)
   967   183.000000      1.000000     184.000000   Etimer40         0     112102002030100000001001101011000110100101000(24)(52)0(116)(77)(107)(55)0(109)(123)(77)0(108)0(55)(24)
   968   184.000000      1.000000     185.000000   Etimer37         0     112102002030100000001001101011000110100101000(24)(52)0(116)(77)(107)(55)0(109)(124)(77)0(108)0(55)(24)
   969   184.000000      1.000000     185.000000   Etimer40         0     112102002030100000001001101011000110100101000(24)(52)0(117)(77)(107)(55)0(109)(124)(77)0(108)0(55)(24)
   970   184.000000      1.000000     185.000000   Etimer42         0     112102002030100000001001101011000110100101000(24)(52)0(117)(77)(107)(55)0(109)(125)(77)0(108)0(55)(24)
   971   184.000000      1.000000     185.000000   Etimer35         0     112102002030100000001001101011000110100101000(24)(52)0(117)(77)(107)(55)0(109)(125)(77)0(109)0(55)(24)
   972   185.000000      1.000000     186.000000   Etimer37         0     112102002030100000001001101011000110100101000(24)(53)0(117)(77)(107)(55)0(109)(125)(77)0(109)0(55)(24)
   973   185.000000      1.000000     186.000000   Etimer35         0     112102002030100000001001101011000110100101000(24)(53)0(118)(77)(107)(55)0(109)(125)(77)0(109)0(55)(24)
   974   185.000000      1.000000     186.000000   Etimer40         0     112102002030100000001001101011000110100101000(24)(54)0(118)(77)(107)(55)0(109)(125)(77)0(109)0(55)(24)
   975   185.000000      1.000000     186.000000   Etimer42         0     112102002030100000001001101011000110100101000(24)(54)0(118)(77)(107)(55)0(109)(126)(77)0(109)0(55)(24)
   976   186.000000      1.000000     187.000000   Etimer40         0     112102002030100000001001101011000110100101000(24)(54)0(118)(77)(107)(55)0(109)(126)(77)0(110)0(55)(24)
   977   186.000000      1.000000     187.000000   Etimer35         0     112102002030100000001001101011000110100101000(24)(54)0(118)(77)(107)(55)0(109)(127)(77)0(110)0(55)(24)
   978   186.000000      1.000000     187.000000   Etimer37         0     112102002030100000001001101011000110100101000(24)(55)0(118)(77)(107)(55)0(109)(127)(77)0(110)0(55)(24)
   979   186.000000      1.000000     187.000000   Etimer42         0     112102002030100000001001101011000110100101000(24)(55)0(119)(77)(107)(55)0(109)(127)(77)0(110)0(55)(24)
   980   187.000000      1.000000     188.000000   Etimer42         0     112102002030100000001001101011000110100101000(24)(55)0(119)(77)(107)(55)0(109)(127)(77)0(111)0(55)(24)
   981   187.000000      1.000000     188.000000   Etimer37         0     112102002030100000001001101011000110100101000(24)(55)0(119)(77)(107)(55)0(109)(127)(77)0(112)0(55)(24)
   982   187.000000      1.000000     188.000000   Etimer35         0     112102002030100000001001101011000110100101000(24)(55)0(120)(77)(107)(55)0(109)(127)(77)0(112)0(55)(24)
   983   187.000000      1.000000     188.000000   Etimer40         0     112102002030100000001001101011000110100101000(24)(56)0(120)(77)(107)(55)0(109)(127)(77)0(112)0(55)(24)
   984   188.000000      1.000000     189.000000   Etimer37         0     112102002030100000001001101011000110100101000(24)(56)0(120)(77)(107)(55)0(109)(128)(77)0(112)0(55)(24)
   985   188.000000      1.000000     189.000000   Etimer42         0     112102002030100000001001101011000110100101000(24)(56)0(121)(77)(107)(55)0(109)(128)(77)0(112)0(55)(24)
   986   188.000000      1.000000     189.000000   Etimer40         0     112102002030100000001001101011000110100101000(24)(56)0(121)(77)(107)(55)0(109)(128)(77)0(113)0(55)(24)
   987   188.000000      1.000000     189.000000   Etimer35         0     112102002030100000001001101011000110100101000(24)(56)0(121)(77)(107)(55)0(109)(129)(77)0(113)0(55)(24)
   988   189.000000      1.000000     190.000000   Etimer35         0     112102002030100000001001101011000110100101000(24)(57)0(121)(77)(107)(55)0(109)(129)(77)0(113)0(55)(24)
   989   189.000000      1.000000     190.000000   Etimer37         0     112102002030100000001001101011000110100101000(24)(58)0(121)(77)(107)(55)0(109)(129)(77)0(113)0(55)(24)
   990   189.000000      1.000000     190.000000   Etimer42         0     112102002030100000001001101011000110100101000(24)(58)0(122)(77)(107)(55)0(109)(129)(77)0(113)0(55)(24)
   991   189.000000      1.000000     190.000000   Etimer40         0     112102002030100000001001101011000110100101000(24)(58)0(122)(77)(107)(55)0(109)(129)(77)0(114)0(55)(24)
   992   190.000000      1.000000     191.000000   Etimer42         0     112102002030100000001001101011000110100101000(24)(58)0(122)(77)(107)(55)0(109)(130)(77)0(114)0(55)(24)
   993   190.000000      1.000000     191.000000   Etimer40         0     112102002030100000001001101011000110100101000(24)(58)0(122)(77)(107)(55)0(109)(130)(77)0(115)0(55)(24)
   994   190.000000      1.000000     191.000000   Etimer37         0     112102002030100000001001101011000110100101000(24)(58)0(122)(77)(107)(55)0(109)(131)(77)0(115)0(55)(24)
   995   190.000000      1.000000     191.000000   Etimer35         0     112102002030100000001001101011000110100101000(24)(58)0(123)(77)(107)(55)0(109)(131)(77)0(115)0(55)(24)
   996   191.000000      1.000000     192.000000   Etimer35         0     112102002030100000001001101011000110100101000(24)(59)0(123)(77)(107)(55)0(109)(131)(77)0(115)0(55)(24)
   997   191.000000      1.000000     192.000000   Etimer40         0     112102002030100000001001101011000110100101000(24)(60)0(123)(77)(107)(55)0(109)(131)(77)0(115)0(55)(24)
   998   191.000000      1.000000     192.000000   Etimer42         0     112102002030100000001001101011000110100101000(24)(60)0(123)(77)(107)(55)0(109)(132)(77)0(115)0(55)(24)
   999   191.000000      1.000000     192.000000   Etimer37         0     112102002030100000001001101011000110100101000(24)(60)0(123)(77)(107)(55)0(109)(132)(77)0(116)0(55)(24)
  1000   192.000000      1.000000     193.000000   Etimer35         0     112102002030100000001001101011000110100101000(24)(60)0(124)(77)(107)(55)0(109)(132)(77)0(116)0(55)(24)
  1001   192.000000      1.000000     193.000000   Etimer37         0     112102002030100000001001101011000110100101000(24)(61)0(124)(77)(107)(55)0(109)(132)(77)0(116)0(55)(24)
  1002   192.000000      1.000000     193.000000   Etimer42         0     112102002030100000001001101011000110100101000(24)(61)0(125)(77)(107)(55)0(109)(132)(77)0(116)0(55)(24)
  1003   192.000000      1.000000     193.000000   Etimer40         0     112102002030100000001001101011000110100101000(24)(61)0(125)(77)(107)(55)0(109)(132)(77)0(117)0(55)(24)
  1004   193.000000      1.000000     194.000000   Etimer40         0     112102002030100000001001101011000110100101000(24)(61)0(125)(77)(107)(55)0(109)(133)(77)0(117)0(55)(24)
  1005   193.000000      1.000000     194.000000   Etimer37         0     112102002030100000001001101011000110100101000(24)(61)0(125)(77)(107)(55)0(109)(134)(77)0(117)0(55)(24)
  1006   193.000000      1.000000     194.000000   Etimer35         0     112102002030100000001001101011000110100101000(24)(61)0(126)(77)(107)(55)0(109)(134)(77)0(117)0(55)(24)
  1007   193.000000      1.000000     194.000000   Etimer42         0     112102002030100000001001101011000110100101000(24)(62)0(126)(77)(107)(55)0(109)(134)(77)0(117)0(55)(24)
  1008   194.000000      1.000000     195.000000   Etimer40         0     112102002030100000001001101011000110100101000(24)(62)0(126)(77)(107)(55)0(109)(134)(77)0(118)0(55)(24)
  1009   194.000000      1.000000     195.000000   Etimer37         0     112102002030100000001001101011000110100101000(24)(62)0(126)(77)(107)(55)0(109)(135)(77)0(118)0(55)(24)
  1010   194.000000      1.000000     195.000000   Etimer35         0     112102002030100000001001101011000110100101000(24)(62)0(127)(77)(107)(55)0(109)(135)(77)0(118)0(55)(24)
  1011   194.000000      1.000000     195.000000   Etimer42         0     112102002030100000001001101011000110100101000(24)(63)0(127)(77)(107)(55)0(109)(135)(77)0(118)0(55)(24)
  1012   195.000000      1.000000     196.000000   Etimer40         0     112102002030100000001001101011000110100101000(24)(63)0(127)(77)(107)(55)0(109)(135)(77)0(119)0(55)(24)
  1013   195.000000      1.000000     196.000000   Etimer35         0     112102002030100000001001101011000110100101000(24)(63)0(127)(77)(107)(55)0(109)(136)(77)0(119)0(55)(24)
  1014   195.000000      1.000000     196.000000   Etimer42         0     112102002030100000001001101011000110100101000(24)(64)0(127)(77)(107)(55)0(109)(136)(77)0(119)0(55)(24)
  1015   195.000000      1.000000     196.000000   Etimer37         0     112102002030100000001001101011000110100101000(24)(64)0(127)(77)(107)(55)0(109)(136)(77)0(120)0(55)(24)
  1016   196.000000      1.000000     197.000000   Etimer40         0     112102002030100000001001101011000110100101000(24)(64)0(128)(77)(107)(55)0(109)(136)(77)0(120)0(55)(24)
  1017   196.000000      1.000000     197.000000   Etimer37         0     112102002030100000001001101011000110100101000(24)(64)0(128)(77)(107)(55)0(109)(137)(77)0(120)0(55)(24)
  1018   196.000000      1.000000     197.000000   Etimer35         0     112102002030100000001001101011000110100101000(24)(64)0(129)(77)(107)(55)0(109)(137)(77)0(120)0(55)(24)
  1019   196.000000      1.000000     197.000000   Etimer42         0     112102002030100000001001101011000110100101000(24)(65)0(129)(77)(107)(55)0(109)(137)(77)0(120)0(55)(24)
  1020   121.000000     76.000000     197.000000   T7               0     112102002030100000001001101011000110100101000(24)(65)0(129)(77)(107)(55)0(109)(137)(77)0(121)0(55)(24)
  1021   197.000000      1.000000     198.000000   Etimer35         0     112102102030100000001001001011000110100101010(24)(65)0(129)(77)(107)(55)0(109)(137)(77)0(121)0(55)(24)
  1022   197.000000      1.000000     198.000000   Etimer44         0     112102102030100000001001001011000110100101010(24)(66)0(129)(77)(107)(55)0(109)(137)(77)0(121)0(55)(24)
  1023   197.000000      1.000000     198.000000   Etimer40         0     112102102030100000001001001011000110100101010(24)(66)0(129)(77)(107)(55)0(109)(137)(77)0(121)0(56)(24)
  1024   197.000000      1.000000     198.000000   Etimer37         0     112102102030100000001001001011000110100101010(24)(66)0(129)(77)(107)(55)0(109)(138)(77)0(121)0(56)(24)
  1025   197.000000      1.000000     198.000000   Etimer44         0     112102102030100000001001001011000110100101010(24)(66)0(130)(77)(107)(55)0(109)(138)(77)0(121)0(56)(24)
  1026   197.000000      1.000000     198.000000   Etimer42         0     112102102030100000001001001011000110100101010(24)(66)0(130)(77)(107)(56)0(109)(138)(77)0(121)0(56)(24)
  1027   164.000000     34.000000     198.000000   Cap              0     112102102030100000001001001011000110100101010(24)(66)0(130)(77)(107)(56)0(109)(138)(77)0(122)0(56)(24)
  1028   198.000000      1.000000     199.000000   Etimer44         0     112102102030100000001001001011000010100101011(24)(66)0(130)(77)(107)(56)0(109)(138)(77)0(122)0(56)(24)
  1029   198.000000      1.000000     199.000000   Etimer44         0     112102102030100000001001001011000010100101011(24)(66)0(130)(77)(107)(56)0(109)(138)(77)0(122)0(57)(24)
  1030   198.000000      1.000000     199.000000   Etimer40         0     112102102030100000001001001011000010100101011(24)(66)0(130)(77)(107)(57)0(109)(138)(77)0(122)0(57)(24)
  1031   198.000000      1.000000     199.000000   Etimer45         0     112102102030100000001001001011000010100101011(24)(66)0(130)(77)(107)(57)0(109)(139)(77)0(122)0(57)(24)
  1032   198.000000      1.000000     199.000000   Etimer35         0     112102102030100000001001001011000010100101011(25)(66)0(130)(77)(107)(57)0(109)(139)(77)0(122)0(57)(24)
  1033   198.000000      1.000000     199.000000   Etimer45         0     112102102030100000001001001011000010100101011(25)(67)0(130)(77)(107)(57)0(109)(139)(77)0(122)0(57)(24)
  1034   198.000000      1.000000     199.000000   Etimer42         0     112102102030100000001001001011000010100101011(25)(67)0(130)(77)(107)(57)0(109)(139)(77)0(122)0(57)(25)
  1035   198.000000      1.000000     199.000000   Etimer37         0     112102102030100000001001001011000010100101011(25)(67)0(130)(77)(107)(57)0(109)(139)(77)0(123)0(57)(25)
  1036   139.000000     60.000000     199.000000   T10              0     112102102030100000001001001011000010100101011(25)(67)0(131)(77)(107)(57)0(109)(139)(77)0(123)0(57)(25)
  1037   199.000000      0.000000     199.000000   ImmTr5           0     112102102130100000001001001001000010100111011(25)(67)0(131)(77)(107)(57)0(109)(139)(77)0(123)0(57)(25)
  1038   199.000000      0.000000     199.000000   ImmTr4           0     112002102130100000001011001001000010100101011(25)(67)0(131)(77)(107)(57)0(109)(139)(77)0(123)0(57)(25)
  1039   199.000000      1.000000     200.000000   Etimer42         0     111002102130100000001111001001000010000101011(25)(67)0(131)(77)(107)(57)0(109)(139)(77)0(123)0(57)(25)
  1040   199.000000      1.000000     200.000000   Etimer44         0     111002102130100000001111001001000010000101011(25)(67)0(131)(77)(107)(57)0(109)(139)(77)0(124)0(57)(25)
  1041   199.000000      1.000000     200.000000   Etimer44         0     111002102130100000001111001001000010000101011(25)(67)0(131)(77)(107)(58)0(109)(139)(77)0(124)0(57)(25)
  1042   199.000000      1.000000     200.000000   Etimer45         0     111002102130100000001111001001000010000101011(25)(67)0(131)(77)(107)(58)0(109)(139)(77)0(124)0(58)(25)
  1043   199.000000      1.000000     200.000000   Etimer45         0     111002102130100000001111001001000010000101011(26)(67)0(131)(77)(107)(58)0(109)(139)(77)0(124)0(58)(25)
  1044   199.000000      1.000000     200.000000   Etimer40         0     111002102130100000001111001001000010000101011(26)(67)0(131)(77)(107)(58)0(109)(139)(77)0(124)0(58)(26)
  1045   199.000000      1.000000     200.000000   Etimer35         0     111002102130100000001111001001000010000101011(26)(67)0(131)(77)(107)(58)0(109)(140)(77)0(124)0(58)(26)
  1046   100.000000    100.000000     200.000000   T3               0     111002102130100000001111001001000010000101011(26)(68)0(131)(77)(107)(58)0(109)(140)(77)0(124)0(58)(26)
  1047   200.000000      1.000000     201.000000   Etimer44         0     112003103140100000000111001001000011000101011(26)(68)0(131)(77)(107)(58)0(109)(140)(77)0(124)0(58)(26)
  1048   200.000000      1.000000     201.000000   Etimer35         0     112003103140100000000111001001000011000101011(26)(68)0(131)(77)(107)(58)0(109)(140)(77)0(124)0(59)(26)
  1049   200.000000      1.000000     201.000000   Etimer45         0     112003103140100000000111001001000011000101011(26)(69)0(131)(77)(107)(58)0(109)(140)(77)0(124)0(59)(26)
  1050   200.000000      1.000000     201.000000   Etimer42         0     112003103140100000000111001001000011000101011(27)(69)0(131)(77)(107)(58)0(109)(140)(77)0(124)0(59)(26)
  1051   200.000000      1.000000     201.000000   Etimer45         0     112003103140100000000111001001000011000101011(27)(69)0(131)(77)(107)(58)0(109)(140)(77)0(125)0(59)(26)
  1052   200.000000      1.000000     201.000000   Etimer40         0     112003103140100000000111001001000011000101011(27)(69)0(131)(77)(107)(58)0(109)(140)(77)0(125)0(59)(27)
  1053   200.000000      1.000000     201.000000   Etimer44         0     112003103140100000000111001001000011000101011(27)(69)0(131)(77)(107)(58)0(109)(141)(77)0(125)0(59)(27)
  1054   200.000000      1.000000     201.000000   Etimer36         0     112003103140100000000111001001000011000101011(27)(69)0(131)(77)(107)(59)0(109)(141)(77)0(125)0(59)(27)
  1055   201.000000      1.000000     202.000000   Etimer42         0     112003103140100000000111001001000011000101011(27)(69)1(131)(77)(107)(59)0(109)(141)(77)0(125)0(59)(27)
  1056   201.000000      1.000000     202.000000   Etimer44         0     112003103140100000000111001001000011000101011(27)(69)1(131)(77)(107)(59)0(109)(141)(77)0(126)0(59)(27)
  1057   201.000000      1.000000     202.000000   Etimer45         0     112003103140100000000111001001000011000101011(27)(69)1(131)(77)(107)(59)0(109)(141)(77)0(126)0(60)(27)
  1058   201.000000      1.000000     202.000000   Etimer35         0     112003103140100000000111001001000011000101011(27)(69)1(131)(77)(107)(59)0(109)(141)(77)0(126)0(60)(28)
  1059   201.000000      1.000000     202.000000   Etimer44         0     112003103140100000000111001001000011000101011(27)(70)1(131)(77)(107)(59)0(109)(141)(77)0(126)0(60)(28)
  1060   201.000000      1.000000     202.000000   Etimer40         0     112003103140100000000111001001000011000101011(27)(70)1(131)(77)(107)(60)0(109)(141)(77)0(126)0(60)(28)
  1061   201.000000      1.000000     202.000000   Etimer45         0     112003103140100000000111001001000011000101011(27)(70)1(131)(77)(107)(60)0(109)(142)(77)0(126)0(60)(28)
  1062   201.000000      1.000000     202.000000   Etimer36         0     112003103140100000000111001001000011000101011(28)(70)1(131)(77)(107)(60)0(109)(142)(77)0(126)0(60)(28)
  1063   202.000000      1.000000     203.000000   Etimer44         0     112003103140100000000111001001000011000101011(28)(70)2(131)(77)(107)(60)0(109)(142)(77)0(126)0(60)(28)
  1064   202.000000      1.000000     203.000000   Etimer45         0     112003103140100000000111001001000011000101011(28)(70)2(131)(77)(107)(60)0(109)(142)(77)0(126)0(61)(28)
  1065   202.000000      1.000000     203.000000   Etimer42         0     112003103140100000000111001001000011000101011(28)(70)2(131)(77)(107)(60)0(109)(142)(77)0(126)0(61)(29)
  1066   202.000000      1.000000     203.000000   Etimer35         0     112003103140100000000111001001000011000101011(28)(70)2(131)(77)(107)(60)0(109)(142)(77)0(127)0(61)(29)
  1067   202.000000      1.000000     203.000000   Etimer40         0     112003103140100000000111001001000011000101011(28)(71)2(131)(77)(107)(60)0(109)(142)(77)0(127)0(61)(29)
  1068   202.000000      1.000000     203.000000   Etimer44         0     112003103140100000000111001001000011000101011(28)(71)2(131)(77)(107)(60)0(109)(143)(77)0(127)0(61)(29)
  1069   202.000000      1.000000     203.000000   Etimer36         0     112003103140100000000111001001000011000101011(28)(71)2(131)(77)(107)(61)0(109)(143)(77)0(127)0(61)(29)
  1070   202.000000      1.000000     203.000000   Etimer45         0     112003103140100000000111001001000011000101011(28)(71)3(131)(77)(107)(61)0(109)(143)(77)0(127)0(61)(29)
  1071   203.000000      1.000000     204.000000   Etimer40         0     112003103140100000000111001001000011000101011(29)(71)3(131)(77)(107)(61)0(109)(143)(77)0(127)0(61)(29)
  1072   203.000000      1.000000     204.000000   Etimer36         0     112003103140100000000111001001000011000101011(29)(71)3(131)(77)(107)(61)0(109)(144)(77)0(127)0(61)(29)
  1073   203.000000      1.000000     204.000000   Etimer44         0     112003103140100000000111001001000011000101011(29)(71)4(131)(77)(107)(61)0(109)(144)(77)0(127)0(61)(29)
  1074   203.000000      1.000000     204.000000   Etimer45         0     112003103140100000000111001001000011000101011(29)(71)4(131)(77)(107)(62)0(109)(144)(77)0(127)0(61)(29)
  1075   203.000000      1.000000     204.000000   Etimer42         0     112003103140100000000111001001000011000101011(29)(71)4(131)(77)(107)(62)0(109)(144)(77)0(127)0(61)(30)
  1076   203.000000      1.000000     204.000000   Etimer44         0     112003103140100000000111001001000011000101011(29)(71)4(131)(77)(107)(62)0(109)(144)(77)0(128)0(61)(30)
  1077   203.000000      1.000000     204.000000   Etimer45         0     112003103140100000000111001001000011000101011(29)(71)4(131)(77)(107)(62)0(109)(144)(77)0(128)0(62)(30)
  1078   203.000000      1.000000     204.000000   Etimer35         0     112003103140100000000111001001000011000101011(30)(71)4(131)(77)(107)(62)0(109)(144)(77)0(128)0(62)(30)
  1079   204.000000      1.000000     205.000000   Etimer44         0     112003103140100000000111001001000011000101011(30)(72)4(131)(77)(107)(62)0(109)(144)(77)0(128)0(62)(30)
  1080   204.000000      1.000000     205.000000   Etimer36         0     112003103140100000000111001001000011000101011(30)(72)4(131)(77)(107)(62)0(109)(144)(77)0(128)0(63)(30)
  1081   204.000000      1.000000     205.000000   Etimer45         0     112003103140100000000111001001000011000101011(30)(72)5(131)(77)(107)(62)0(109)(144)(77)0(128)0(63)(30)
  1082   204.000000      1.000000     205.000000   Etimer40         0     112003103140100000000111001001000011000101011(31)(72)5(131)(77)(107)(62)0(109)(144)(77)0(128)0(63)(30)
  1083   204.000000      1.000000     205.000000   Etimer44         0     112003103140100000000111001001000011000101011(31)(72)5(131)(77)(107)(62)0(109)(145)(77)0(128)0(63)(30)
  1084   204.000000      1.000000     205.000000   Etimer45         0     112003103140100000000111001001000011000101011(31)(72)5(131)(77)(107)(63)0(109)(145)(77)0(128)0(63)(30)
  1085   204.000000      1.000000     205.000000   Etimer42         0     112003103140100000000111001001000011000101011(31)(72)5(131)(77)(107)(63)0(109)(145)(77)0(128)0(63)(31)
  1086   204.000000      1.000000     205.000000   Etimer35         0     112003103140100000000111001001000011000101011(31)(72)5(131)(77)(107)(63)0(109)(145)(77)0(129)0(63)(31)
  1087   205.000000      1.000000     206.000000   Etimer42         0     112003103140100000000111001001000011000101011(31)(73)5(131)(77)(107)(63)0(109)(145)(77)0(129)0(63)(31)
  1088   205.000000      1.000000     206.000000   Etimer44         0     112003103140100000000111001001000011000101011(31)(73)5(131)(77)(107)(63)0(109)(145)(77)0(130)0(63)(31)
  1089   205.000000      1.000000     206.000000   Etimer36         0     112003103140100000000111001001000011000101011(31)(73)5(131)(77)(107)(64)0(109)(145)(77)0(130)0(63)(31)
  1090   205.000000      1.000000     206.000000   Etimer40         0     112003103140100000000111001001000011000101011(31)(73)6(131)(77)(107)(64)0(109)(145)(77)0(130)0(63)(31)
  1091   205.000000      1.000000     206.000000   Etimer45         0     112003103140100000000111001001000011000101011(31)(73)6(131)(77)(107)(64)0(109)(146)(77)0(130)0(63)(31)
  1092   205.000000      1.000000     206.000000   Etimer44         0     112003103140100000000111001001000011000101011(32)(73)6(131)(77)(107)(64)0(109)(146)(77)0(130)0(63)(31)
  1093   205.000000      1.000000     206.000000   Etimer45         0     112003103140100000000111001001000011000101011(32)(73)6(131)(77)(107)(64)0(109)(146)(77)0(130)0(64)(31)
  1094   205.000000      1.000000     206.000000   Etimer35         0     112003103140100000000111001001000011000101011(32)(73)6(131)(77)(107)(64)0(109)(146)(77)0(130)0(64)(32)
  1095   206.000000      1.000000     207.000000   Etimer36         0     112003103140100000000111001001000011000101011(32)(74)6(131)(77)(107)(64)0(109)(146)(77)0(130)0(64)(32)
  1096   206.000000      1.000000     207.000000   Etimer35         0     112003103140100000000111001001000011000101011(32)(74)7(131)(77)(107)(64)0(109)(146)(77)0(130)0(64)(32)
  1097   206.000000      1.000000     207.000000   Etimer44         0     112003103140100000000111001001000011000101011(32)(75)7(131)(77)(107)(64)0(109)(146)(77)0(130)0(64)(32)
  1098   206.000000      1.000000     207.000000   Etimer42         0     112003103140100000000111001001000011000101011(32)(75)7(131)(77)(107)(65)0(109)(146)(77)0(130)0(64)(32)
  1099   206.000000      1.000000     207.000000   Etimer45         0     112003103140100000000111001001000011000101011(32)(75)7(131)(77)(107)(65)0(109)(146)(77)0(131)0(64)(32)
  1100   206.000000      1.000000     207.000000   Etimer40         0     112003103140100000000111001001000011000101011(33)(75)7(131)(77)(107)(65)0(109)(146)(77)0(131)0(64)(32)
  1101   206.000000      1.000000     207.000000   Etimer45         0     112003103140100000000111001001000011000101011(33)(75)7(131)(77)(107)(65)0(109)(147)(77)0(131)0(64)(32)
  1102   206.000000      1.000000     207.000000   Etimer44         0     112003103140100000000111001001000011000101011(33)(75)7(131)(77)(107)(65)0(109)(147)(77)0(131)0(64)(33)
  1103   207.000000      1.000000     208.000000   Etimer45         0     112003103140100000000111001001000011000101011(33)(75)7(131)(77)(107)(65)0(109)(147)(77)0(131)0(65)(33)
  1104   207.000000      1.000000     208.000000   Etimer36         0     112003103140100000000111001001000011000101011(33)(75)7(131)(77)(107)(65)0(109)(147)(77)0(131)0(65)(34)
  1105   207.000000      1.000000     208.000000   Etimer42         0     112003103140100000000111001001000011000101011(33)(75)8(131)(77)(107)(65)0(109)(147)(77)0(131)0(65)(34)
  1106   207.000000      1.000000     208.000000   Etimer44         0     112003103140100000000111001001000011000101011(33)(75)8(131)(77)(107)(65)0(109)(147)(77)0(132)0(65)(34)
  1107   207.000000      1.000000     208.000000   Etimer44         0     112003103140100000000111001001000011000101011(33)(75)8(131)(77)(107)(65)0(109)(147)(77)0(132)0(66)(34)
  1108   207.000000      1.000000     208.000000   Etimer35         0     112003103140100000000111001001000011000101011(33)(75)8(131)(77)(107)(66)0(109)(147)(77)0(132)0(66)(34)
  1109   207.000000      1.000000     208.000000   Etimer45         0     112003103140100000000111001001000011000101011(33)(76)8(131)(77)(107)(66)0(109)(147)(77)0(132)0(66)(34)
  1110   207.000000      1.000000     208.000000   Etimer40         0     112003103140100000000111001001000011000101011(34)(76)8(131)(77)(107)(66)0(109)(147)(77)0(132)0(66)(34)
  1111   208.000000      1.000000     209.000000   Etimer45         0     112003103140100000000111001001000011000101011(34)(76)8(131)(77)(107)(66)0(109)(148)(77)0(132)0(66)(34)
  1112   208.000000      1.000000     209.000000   Etimer42         0     112003103140100000000111001001000011000101011(34)(76)8(131)(77)(107)(66)0(109)(148)(77)0(132)0(66)(35)
  1113   208.000000      1.000000     209.000000   Etimer36         0     112003103140100000000111001001000011000101011(34)(76)8(131)(77)(107)(66)0(109)(148)(77)0(133)0(66)(35)
  1114   208.000000      1.000000     209.000000   Etimer35         0     112003103140100000000111001001000011000101011(34)(76)9(131)(77)(107)(66)0(109)(148)(77)0(133)0(66)(35)
  1115   208.000000      1.000000     209.000000   Etimer44         0     112003103140100000000111001001000011000101011(34)(77)9(131)(77)(107)(66)0(109)(148)(77)0(133)0(66)(35)
  1116   208.000000      1.000000     209.000000   Etimer40         0     112003103140100000000111001001000011000101011(34)(77)9(131)(77)(107)(66)0(109)(148)(77)0(133)0(67)(35)
  1117   208.000000      1.000000     209.000000   Etimer44         0     112003103140100000000111001001000011000101011(34)(77)9(131)(77)(107)(66)0(109)(149)(77)0(133)0(67)(35)
  1118   208.000000      1.000000     209.000000   Etimer45         0     112003103140100000000111001001000011000101011(34)(77)9(131)(77)(107)(67)0(109)(149)(77)0(133)0(67)(35)
  1119   209.000000      1.000000     210.000000   Etimer35         0     112003103140100000000111001001000011000101011(35)(77)9(131)(77)(107)(67)0(109)(149)(77)0(133)0(67)(35)
  1120   209.000000      1.000000     210.000000   Etimer36         0     112003103140100000000111001001000011000101011(35)(78)9(131)(77)(107)(67)0(109)(149)(77)0(133)0(67)(35)
  1121   209.000000      1.000000     210.000000   Etimer44         0     112003103140100000000111001001000011000101011(35)(78)(10)(131)(77)(107)(67)0(109)(149)(77)0(133)0(67)(35)
  1122   209.000000      1.000000     210.000000   Etimer45         0     112003103140100000000111001001000011000101011(35)(78)(10)(131)(77)(107)(67)0(109)(149)(77)0(133)0(68)(35)
  1123   209.000000      1.000000     210.000000   Etimer42         0     112003103140100000000111001001000011000101011(35)(78)(10)(131)(77)(107)(67)0(109)(149)(77)0(133)0(68)(36)
  1124   209.000000      1.000000     210.000000   Etimer45         0     112003103140100000000111001001000011000101011(35)(78)(10)(131)(77)(107)(67)0(109)(149)(77)0(134)0(68)(36)
  1125   209.000000      1.000000     210.000000   Etimer44         0     112003103140100000000111001001000011000101011(36)(78)(10)(131)(77)(107)(67)0(109)(149)(77)0(134)0(68)(36)
  1126   209.000000      1.000000     210.000000   Etimer40         0     112003103140100000000111001001000011000101011(36)(78)(10)(131)(77)(107)(68)0(109)(149)(77)0(134)0(68)(36)
  1127   121.000000     89.000000     210.000000   T11              0     112003103140100000000111001001000011000101011(36)(78)(10)(131)(77)(107)(68)0(109)(150)(77)0(134)0(68)(36)
  1128   210.000000      0.000000     210.000000   ImmTr10          0     112003103141100000000111001000000011000101111(36)(78)(10)(131)(77)(107)(68)0(109)(150)(77)0(134)0(68)(36)
  1129   210.000000      0.000000     210.000000   ImmTr8           0     112003103140100000000111001100000011000001111(36)(78)(10)(131)(77)(107)(68)0(109)(150)(77)0(134)0(68)(36)
  1130   210.000000      0.000000     210.000000   ImmTr7           0     112003003140100000000111011100000011000001011(36)(78)(10)(131)(77)(107)(68)0(109)(150)(77)0(134)0(68)(36)
  1131   210.000000      1.000000     211.000000   Etimer36         0     112002003140100000000111111100000011000001001(36)(78)(10)(131)(77)(107)(68)0(109)(150)(77)0(134)0(68)(36)
  1132   210.000000      1.000000     211.000000   Etimer45         0     112002003140100000000111111100000011000001001(36)(78)(11)(131)(77)(107)(68)0(109)(150)(77)0(134)0(68)(36)
  1133   210.000000      1.000000     211.000000   Etimer42         0     112002003140100000000111111100000011000001001(36)(78)(11)(131)(77)(107)(68)0(109)(150)(77)0(134)0(68)(37)
  1134   210.000000      1.000000     211.000000   Etimer35         0     112002003140100000000111111100000011000001001(36)(78)(11)(131)(77)(107)(68)0(109)(150)(77)0(135)0(68)(37)
  1135   210.000000      1.000000     211.000000   Etimer45         0     112002003140100000000111111100000011000001001(36)(79)(11)(131)(77)(107)(68)0(109)(150)(77)0(135)0(68)(37)
  1136   211.000000      1.000000     212.000000   Etimer36         0     112002003140100000000111111100000011000001001(37)(79)(11)(131)(77)(107)(68)0(109)(150)(77)0(135)0(68)(37)
  1137   211.000000      1.000000     212.000000   Etimer45         0     112002003140100000000111111100000011000001001(37)(79)(12)(131)(77)(107)(68)0(109)(150)(77)0(135)0(68)(37)
  1138   211.000000      1.000000     212.000000   Etimer42         0     112002003140100000000111111100000011000001001(38)(79)(12)(131)(77)(107)(68)0(109)(150)(77)0(135)0(68)(37)
  1139   211.000000      1.000000     212.000000   Etimer45         0     112002003140100000000111111100000011000001001(38)(79)(12)(131)(77)(107)(68)0(109)(150)(77)0(136)0(68)(37)
  1140   211.000000      1.000000     212.000000   Etimer35         0     112002003140100000000111111100000011000001001(38)(79)(12)(131)(77)(107)(68)0(109)(150)(77)0(136)0(68)(38)
  1141   212.000000      1.000000     213.000000   Etimer35         0     112002003140100000000111111100000011000001001(38)(80)(12)(131)(77)(107)(68)0(109)(150)(77)0(136)0(68)(38)
  1142   212.000000      1.000000     213.000000   Etimer42         0     112002003140100000000111111100000011000001001(38)(81)(12)(131)(77)(107)(68)0(109)(150)(77)0(136)0(68)(38)
  1143   212.000000      1.000000     213.000000   Etimer36         0     112002003140100000000111111100000011000001001(38)(81)(12)(131)(77)(107)(68)0(109)(150)(77)0(137)0(68)(38)
  1144   212.000000      1.000000     213.000000   Etimer45         0     112002003140100000000111111100000011000001001(38)(81)(13)(131)(77)(107)(68)0(109)(150)(77)0(137)0(68)(38)
  1145   212.000000      1.000000     213.000000   Etimer45         0     112002003140100000000111111100000011000001001(38)(81)(13)(131)(77)(107)(68)0(109)(150)(77)0(137)0(68)(39)
  1146   213.000000      1.000000     214.000000   Etimer35         0     112002003140100000000111111100000011000001001(39)(81)(13)(131)(77)(107)(68)0(109)(150)(77)0(137)0(68)(39)
  1147   213.000000      1.000000     214.000000   Etimer42         0     112002003140100000000111111100000011000001001(39)(82)(13)(131)(77)(107)(68)0(109)(150)(77)0(137)0(68)(39)
  1148   213.000000      1.000000     214.000000   Etimer45         0     112002003140100000000111111100000011000001001(39)(82)(13)(131)(77)(107)(68)0(109)(150)(77)0(138)0(68)(39)
  1149   213.000000      1.000000     214.000000   Etimer45         0     112002003140100000000111111100000011000001001(39)(82)(13)(131)(77)(107)(68)0(109)(150)(77)0(138)0(68)(40)
  1150   213.000000      1.000000     214.000000   Etimer36         0     112002003140100000000111111100000011000001001(40)(82)(13)(131)(77)(107)(68)0(109)(150)(77)0(138)0(68)(40)
  1151   214.000000      1.000000     215.000000   Etimer36         0     112002003140100000000111111100000011000001001(40)(82)(14)(131)(77)(107)(68)0(109)(150)(77)0(138)0(68)(40)
  1152   214.000000      1.000000     215.000000   Etimer42         0     112002003140100000000111111100000011000001001(40)(82)(15)(131)(77)(107)(68)0(109)(150)(77)0(138)0(68)(40)
  1153   214.000000      1.000000     215.000000   Etimer45         0     112002003140100000000111111100000011000001001(40)(82)(15)(131)(77)(107)(68)0(109)(150)(77)0(139)0(68)(40)
  1154   214.000000      1.000000     215.000000   Etimer45         0     112002003140100000000111111100000011000001001(41)(82)(15)(131)(77)(107)(68)0(109)(150)(77)0(139)0(68)(40)
  1155   214.000000      1.000000     215.000000   Etimer35         0     112002003140100000000111111100000011000001001(41)(82)(15)(131)(77)(107)(68)0(109)(150)(77)0(139)0(68)(41)
  1156   215.000000      1.000000     216.000000   Etimer42         0     112002003140100000000111111100000011000001001(41)(83)(15)(131)(77)(107)(68)0(109)(150)(77)0(139)0(68)(41)
  1157   215.000000      1.000000     216.000000   Etimer45         0     112002003140100000000111111100000011000001001(41)(83)(15)(131)(77)(107)(68)0(109)(150)(77)0(140)0(68)(41)
  1158   215.000000      1.000000     216.000000   Etimer35         0     112002003140100000000111111100000011000001001(42)(83)(15)(131)(77)(107)(68)0(109)(150)(77)0(140)0(68)(41)
  1159   215.000000      1.000000     216.000000   Etimer45         0     112002003140100000000111111100000011000001001(42)(84)(15)(131)(77)(107)(68)0(109)(150)(77)0(140)0(68)(41)
  1160   215.000000      1.000000     216.000000   Etimer36         0     112002003140100000000111111100000011000001001(42)(84)(15)(131)(77)(107)(68)0(109)(150)(77)0(140)0(68)(42)
  1161   216.000000      1.000000     217.000000   Etimer45         0     112002003140100000000111111100000011000001001(42)(84)(16)(131)(77)(107)(68)0(109)(150)(77)0(140)0(68)(42)
  1162   216.000000      1.000000     217.000000   Etimer35         0     112002003140100000000111111100000011000001001(42)(84)(16)(131)(77)(107)(68)0(109)(150)(77)0(140)0(68)(43)
  1163   216.000000      1.000000     217.000000   Etimer36         0     112002003140100000000111111100000011000001001(42)(85)(16)(131)(77)(107)(68)0(109)(150)(77)0(140)0(68)(43)
  1164   216.000000      1.000000     217.000000   Etimer42         0     112002003140100000000111111100000011000001001(42)(85)(17)(131)(77)(107)(68)0(109)(150)(77)0(140)0(68)(43)
  1165   216.000000      1.000000     217.000000   Etimer45         0     112002003140100000000111111100000011000001001(42)(85)(17)(131)(77)(107)(68)0(109)(150)(77)0(141)0(68)(43)
  1166   217.000000      1.000000     218.000000   Etimer45         0     112002003140100000000111111100000011000001001(43)(85)(17)(131)(77)(107)(68)0(109)(150)(77)0(141)0(68)(43)
  1167   217.000000      1.000000     218.000000   Etimer36         0     112002003140100000000111111100000011000001001(43)(85)(17)(131)(77)(107)(68)0(109)(150)(77)0(141)0(68)(44)
  1168   217.000000      1.000000     218.000000   Etimer45         0     112002003140100000000111111100000011000001001(43)(85)(18)(131)(77)(107)(68)0(109)(150)(77)0(141)0(68)(44)
  1169   217.000000      1.000000     218.000000   Etimer35         0     112002003140100000000111111100000011000001001(44)(85)(18)(131)(77)(107)(68)0(109)(150)(77)0(141)0(68)(44)
  1170   217.000000      1.000000     218.000000   Etimer42         0     112002003140100000000111111100000011000001001(44)(86)(18)(131)(77)(107)(68)0(109)(150)(77)0(141)0(68)(44)
  1171   218.000000      1.000000     219.000000   Etimer35         0     112002003140100000000111111100000011000001001(44)(86)(18)(131)(77)(107)(68)0(109)(150)(77)0(142)0(68)(44)
  1172   218.000000      1.000000     219.000000   Etimer45         0     112002003140100000000111111100000011000001001(44)(87)(18)(131)(77)(107)(68)0(109)(150)(77)0(142)0(68)(44)
  1173   218.000000      1.000000     219.000000   Etimer45         0     112002003140100000000111111100000011000001001(44)(87)(18)(131)(77)(107)(68)0(109)(150)(77)0(142)0(68)(45)
  1174   218.000000      1.000000     219.000000   Etimer36         0     112002003140100000000111111100000011000001001(45)(87)(18)(131)(77)(107)(68)0(109)(150)(77)0(142)0(68)(45)
  1175   218.000000      1.000000     219.000000   Etimer42         0     112002003140100000000111111100000011000001001(45)(87)(19)(131)(77)(107)(68)0(109)(150)(77)0(142)0(68)(45)
  1176   164.000000     55.000000     219.000000   T9               0     112002003140100000000111111100000011000001001(45)(87)(19)(131)(77)(107)(68)0(109)(150)(77)0(143)0(68)(45)
  1177   219.000000      1.000000     220.000000   Etimer45         0     112002003140100100000111110100000011001001001(45)(87)(19)(131)(77)(107)(68)0(109)(150)(77)0(143)0(68)(45)
  1178   219.000000      1.000000     220.000000   Etimer45         0     112002003140100100000111110100000011001001001(45)(87)(19)(131)(77)(107)(68)0(109)(150)(77)0(143)0(68)(46)
  1179   219.000000      1.000000     220.000000   Etimer39         0     112002003140100100000111110100000011001001001(46)(87)(19)(131)(77)(107)(68)0(109)(150)(77)0(143)0(68)(46)
  1180   219.000000      1.000000     220.000000   Etimer42         0     112002003140100100000111110100000011001001001(46)(87)(19)(131)(77)(107)(68)0(110)(150)(77)0(143)0(68)(46)
  1181   219.000000      1.000000     220.000000   Etimer36         0     112002003140100100000111110100000011001001001(46)(87)(19)(131)(77)(107)(68)0(110)(150)(77)0(144)0(68)(46)
  1182   219.000000      1.000000     220.000000   Etimer35         0     112002003140100100000111110100000011001001001(46)(87)(20)(131)(77)(107)(68)0(110)(150)(77)0(144)0(68)(46)
  1183   220.000000      1.000000     221.000000   Etimer36         0     112002003140100100000111110100000011001001001(46)(88)(20)(131)(77)(107)(68)0(110)(150)(77)0(144)0(68)(46)
  1184   220.000000      1.000000     221.000000   Etimer35         0     112002003140100100000111110100000011001001001(46)(88)(21)(131)(77)(107)(68)0(110)(150)(77)0(144)0(68)(46)
  1185   220.000000      1.000000     221.000000   Etimer42         0     112002003140100100000111110100000011001001001(46)(89)(21)(131)(77)(107)(68)0(110)(150)(77)0(144)0(68)(46)
  1186   220.000000      1.000000     221.000000   Etimer45         0     112002003140100100000111110100000011001001001(46)(89)(21)(131)(77)(107)(68)0(110)(150)(77)0(145)0(68)(46)
  1187   220.000000      1.000000     221.000000   Etimer39         0     112002003140100100000111110100000011001001001(47)(89)(21)(131)(77)(107)(68)0(110)(150)(77)0(145)0(68)(46)
  1188   220.000000      1.000000     221.000000   Etimer45         0     112002003140100100000111110100000011001001001(47)(89)(21)(131)(77)(107)(68)0(111)(150)(77)0(145)0(68)(46)
  1189   164.000000     57.000000     221.000000   T6               0     112002003140100100000111110100000011001001001(47)(89)(21)(131)(77)(107)(68)0(111)(150)(77)0(145)0(68)(47)
  1190   221.000000      1.000000     222.000000   Etimer38         0     112002003140101100000110110100000011011001001(47)(89)(21)(131)(77)(107)(68)0(111)(150)(77)0(145)0(68)(47)
  1191   221.000000      1.000000     222.000000   Etimer35         0     112002003140101100000110110100000011011001001(47)(89)(21)(131)(77)(108)(68)0(111)(150)(77)0(145)0(68)(47)
  1192   221.000000      1.000000     222.000000   Etimer45         0     112002003140101100000110110100000011011001001(47)(90)(21)(131)(77)(108)(68)0(111)(150)(77)0(145)0(68)(47)
  1193   221.000000      1.000000     222.000000   Etimer39         0     112002003140101100000110110100000011011001001(47)(90)(21)(131)(77)(108)(68)0(111)(150)(77)0(145)0(68)(48)
  1194   221.000000      1.000000     222.000000   Etimer45         0     112002003140101100000110110100000011011001001(47)(90)(21)(131)(77)(108)(68)0(112)(150)(77)0(145)0(68)(48)
  1195   221.000000      1.000000     222.000000   Etimer42         0     112002003140101100000110110100000011011001001(48)(90)(21)(131)(77)(108)(68)0(112)(150)(77)0(145)0(68)(48)
  1196   221.000000      1.000000     222.000000   Etimer36         0     112002003140101100000110110100000011011001001(48)(90)(21)(131)(77)(108)(68)0(112)(150)(77)0(146)0(68)(48)
  1197   222.000000      1.000000     223.000000   Etimer39         0     112002003140101100000110110100000011011001001(48)(90)(22)(131)(77)(108)(68)0(112)(150)(77)0(146)0(68)(48)
  1198   222.000000      1.000000     223.000000   Etimer42         0     112002003140101100000110110100000011011001001(48)(90)(22)(131)(77)(108)(68)0(113)(150)(77)0(146)0(68)(48)
  1199   222.000000      1.000000     223.000000   Etimer36         0     112002003140101100000110110100000011011001001(48)(90)(22)(131)(77)(108)(68)0(113)(150)(77)0(147)0(68)(48)
  1200   222.000000      1.000000     223.000000   Etimer35         0     112002003140101100000110110100000011011001001(48)(90)(23)(131)(77)(108)(68)0(113)(150)(77)0(147)0(68)(48)
  1201   222.000000      1.000000     223.000000   Etimer45         0     112002003140101100000110110100000011011001001(48)(91)(23)(131)(77)(108)(68)0(113)(150)(77)0(147)0(68)(48)
  1202   222.000000      1.000000     223.000000   Etimer45         0     112002003140101100000110110100000011011001001(48)(91)(23)(131)(77)(108)(68)0(113)(150)(77)0(147)0(68)(49)
  1203   222.000000      1.000000     223.000000   Etimer38         0     112002003140101100000110110100000011011001001(49)(91)(23)(131)(77)(108)(68)0(113)(150)(77)0(147)0(68)(49)
  1204   223.000000      1.000000     224.000000   Etimer36         0     112002003140101100000110110100000011011001001(49)(91)(23)(131)(77)(109)(68)0(113)(150)(77)0(147)0(68)(49)
  1205   223.000000      1.000000     224.000000   Etimer39         0     112002003140101100000110110100000011011001001(49)(91)(24)(131)(77)(109)(68)0(113)(150)(77)0(147)0(68)(49)
  1206   223.000000      1.000000     224.000000   Etimer35         0     112002003140101100000110110100000011011001001(49)(91)(24)(131)(77)(109)(68)0(114)(150)(77)0(147)0(68)(49)
  1207   223.000000      1.000000     224.000000   Etimer38         0     112002003140101100000110110100000011011001001(49)(92)(24)(131)(77)(109)(68)0(114)(150)(77)0(147)0(68)(49)
  1208   223.000000      1.000000     224.000000   Etimer45         0     112002003140101100000110110100000011011001001(49)(92)(24)(131)(77)(110)(68)0(114)(150)(77)0(147)0(68)(49)
  1209   223.000000      1.000000     224.000000   Etimer42         0     112002003140101100000110110100000011011001001(50)(92)(24)(131)(77)(110)(68)0(114)(150)(77)0(147)0(68)(49)
  1210   223.000000      1.000000     224.000000   Etimer45         0     112002003140101100000110110100000011011001001(50)(92)(24)(131)(77)(110)(68)0(114)(150)(77)0(148)0(68)(49)
  1211   224.000000      1.000000     225.000000   Etimer39         0     112002003140101100000110110100000011011001001(50)(92)(24)(131)(77)(110)(68)0(114)(150)(77)0(148)0(68)(50)
  1212   224.000000      1.000000     225.000000   Etimer42         0     112002003140101100000110110100000011011001001(50)(92)(24)(131)(77)(110)(68)0(115)(150)(77)0(148)0(68)(50)
  1213   224.000000      1.000000     225.000000   Etimer35         0     112002003140101100000110110100000011011001001(50)(92)(24)(131)(77)(110)(68)0(115)(150)(77)0(149)0(68)(50)
  1214   224.000000      1.000000     225.000000   Etimer45         0     112002003140101100000110110100000011011001001(50)(93)(24)(131)(77)(110)(68)0(115)(150)(77)0(149)0(68)(50)
  1215   224.000000      1.000000     225.000000   Etimer38         0     112002003140101100000110110100000011011001001(50)(93)(24)(131)(77)(110)(68)0(115)(150)(77)0(149)0(68)(51)
  1216   224.000000      1.000000     225.000000   Etimer45         0     112002003140101100000110110100000011011001001(50)(93)(24)(131)(77)(111)(68)0(115)(150)(77)0(149)0(68)(51)
  1217   224.000000      1.000000     225.000000   Etimer36         0     112002003140101100000110110100000011011001001(51)(93)(24)(131)(77)(111)(68)0(115)(150)(77)0(149)0(68)(51)
  1218   225.000000      1.000000     226.000000   Etimer35         0     112002003140101100000110110100000011011001001(51)(93)(25)(131)(77)(111)(68)0(115)(150)(77)0(149)0(68)(51)
  1219   225.000000      1.000000     226.000000   Etimer42         0     112002003140101100000110110100000011011001001(51)(94)(25)(131)(77)(111)(68)0(115)(150)(77)0(149)0(68)(51)
  1220   225.000000      1.000000     226.000000   Etimer45         0     112002003140101100000110110100000011011001001(51)(94)(25)(131)(77)(111)(68)0(115)(150)(77)0(150)0(68)(51)
  1221   225.000000      1.000000     226.000000   Etimer38         0     112002003140101100000110110100000011011001001(51)(94)(25)(131)(77)(111)(68)0(115)(150)(77)0(150)0(68)(52)
  1222   225.000000      1.000000     226.000000   Etimer39         0     112002003140101100000110110100000011011001001(51)(94)(25)(131)(77)(112)(68)0(115)(150)(77)0(150)0(68)(52)
  1223   225.000000      1.000000     226.000000   Etimer45         0     112002003140101100000110110100000011011001001(51)(94)(25)(131)(77)(112)(68)0(116)(150)(77)0(150)0(68)(52)
  1224   225.000000      1.000000     226.000000   Etimer36         0     112002003140101100000110110100000011011001001(52)(94)(25)(131)(77)(112)(68)0(116)(150)(77)0(150)0(68)(52)
  1225   226.000000      1.000000     227.000000   Etimer36         0     112002003140101100000110110100000011011001001(52)(94)(26)(131)(77)(112)(68)0(116)(150)(77)0(150)0(68)(52)
  1226   226.000000      1.000000     227.000000   Etimer35         0     112002003140101100000110110100000011011001001(52)(94)(27)(131)(77)(112)(68)0(116)(150)(77)0(150)0(68)(52)
  1227   226.000000      1.000000     227.000000   Etimer42         0     112002003140101100000110110100000011011001001(52)(95)(27)(131)(77)(112)(68)0(116)(150)(77)0(150)0(68)(52)
  1228   226.000000      1.000000     227.000000   Etimer38         0     112002003140101100000110110100000011011001001(52)(95)(27)(131)(77)(112)(68)0(116)(150)(77)0(151)0(68)(52)
  1229   226.000000      1.000000     227.000000   Etimer39         0     112002003140101100000110110100000011011001001(52)(95)(27)(131)(77)(113)(68)0(116)(150)(77)0(151)0(68)(52)
  1230   226.000000      1.000000     227.000000   Etimer45         0     112002003140101100000110110100000011011001001(52)(95)(27)(131)(77)(113)(68)0(117)(150)(77)0(151)0(68)(52)
  1231   226.000000      1.000000     227.000000   Etimer45         0     112002003140101100000110110100000011011001001(52)(95)(27)(131)(77)(113)(68)0(117)(150)(77)0(151)0(68)(53)
  1232   227.000000      1.000000     228.000000   Etimer45         0     112002003140101100000110110100000011011001001(53)(95)(27)(131)(77)(113)(68)0(117)(150)(77)0(151)0(68)(53)
  1233   227.000000      1.000000     228.000000   Etimer45         0     112002003140101100000110110100000011011001001(54)(95)(27)(131)(77)(113)(68)0(117)(150)(77)0(151)0(68)(53)
  1234   227.000000      1.000000     228.000000   Etimer42         0     112002003140101100000110110100000011011001001(54)(95)(27)(131)(77)(113)(68)0(117)(150)(77)0(151)0(68)(54)
  1235   227.000000      1.000000     228.000000   Etimer36         0     112002003140101100000110110100000011011001001(54)(95)(27)(131)(77)(113)(68)0(117)(150)(77)0(152)0(68)(54)
  1236   227.000000      1.000000     228.000000   Etimer39         0     112002003140101100000110110100000011011001001(54)(95)(28)(131)(77)(113)(68)0(117)(150)(77)0(152)0(68)(54)
  1237   227.000000      1.000000     228.000000   Etimer38         0     112002003140101100000110110100000011011001001(54)(95)(28)(131)(77)(113)(68)0(118)(150)(77)0(152)0(68)(54)
  1238   227.000000      1.000000     228.000000   Etimer35         0     112002003140101100000110110100000011011001001(54)(95)(28)(131)(77)(114)(68)0(118)(150)(77)0(152)0(68)(54)
  1239   228.000000      1.000000     229.000000   Etimer36         0     112002003140101100000110110100000011011001001(54)(96)(28)(131)(77)(114)(68)0(118)(150)(77)0(152)0(68)(54)
  1240   228.000000      1.000000     229.000000   Etimer45         0     112002003140101100000110110100000011011001001(54)(96)(29)(131)(77)(114)(68)0(118)(150)(77)0(152)0(68)(54)
  1241   228.000000      1.000000     229.000000   Etimer35         0     112002003140101100000110110100000011011001001(55)(96)(29)(131)(77)(114)(68)0(118)(150)(77)0(152)0(68)(54)
  1242   228.000000      1.000000     229.000000   Etimer45         0     112002003140101100000110110100000011011001001(55)(97)(29)(131)(77)(114)(68)0(118)(150)(77)0(152)0(68)(54)
  1243   228.000000      1.000000     229.000000   Etimer39         0     112002003140101100000110110100000011011001001(55)(97)(29)(131)(77)(114)(68)0(118)(150)(77)0(152)0(68)(55)
  1244   228.000000      1.000000     229.000000   Etimer42         0     112002003140101100000110110100000011011001001(55)(97)(29)(131)(77)(114)(68)0(119)(150)(77)0(152)0(68)(55)
  1245   228.000000      1.000000     229.000000   Etimer38         0     112002003140101100000110110100000011011001001(55)(97)(29)(131)(77)(114)(68)0(119)(150)(77)0(153)0(68)(55)
  1246   229.000000      1.000000     230.000000   Etimer45         0     112002003140101100000110110100000011011001001(55)(97)(29)(131)(77)(115)(68)0(119)(150)(77)0(153)0(68)(55)
  1247   229.000000      1.000000     230.000000   Etimer36         0     112002003140101100000110110100000011011001001(55)(97)(29)(131)(77)(115)(68)0(119)(150)(77)0(153)0(68)(56)
  1248   229.000000      1.000000     230.000000   Etimer35         0     112002003140101100000110110100000011011001001(55)(97)(30)(131)(77)(115)(68)0(119)(150)(77)0(153)0(68)(56)
  1249   229.000000      1.000000     230.000000   Etimer42         0     112002003140101100000110110100000011011001001(55)(98)(30)(131)(77)(115)(68)0(119)(150)(77)0(153)0(68)(56)
  1250   229.000000      1.000000     230.000000   Etimer38         0     112002003140101100000110110100000011011001001(55)(98)(30)(131)(77)(115)(68)0(119)(150)(77)0(154)0(68)(56)
  1251   229.000000      1.000000     230.000000   Etimer45         0     112002003140101100000110110100000011011001001(55)(98)(30)(131)(77)(116)(68)0(119)(150)(77)0(154)0(68)(56)
  1252   229.000000      1.000000     230.000000   Etimer39         0     112002003140101100000110110100000011011001001(56)(98)(30)(131)(77)(116)(68)0(119)(150)(77)0(154)0(68)(56)
  1253   230.000000      1.000000     231.000000   Etimer35         0     112002003140101100000110110100000011011001001(56)(98)(30)(131)(77)(116)(68)0(120)(150)(77)0(154)0(68)(56)
  1254   230.000000      1.000000     231.000000   Etimer38         0     112002003140101100000110110100000011011001001(56)(99)(30)(131)(77)(116)(68)0(120)(150)(77)0(154)0(68)(56)
  1255   230.000000      1.000000     231.000000   Etimer36         0     112002003140101100000110110100000011011001001(56)(99)(30)(131)(77)(117)(68)0(120)(150)(77)0(154)0(68)(56)
  1256   230.000000      1.000000     231.000000   Etimer45         0     112002003140101100000110110100000011011001001(56)(99)(31)(131)(77)(117)(68)0(120)(150)(77)0(154)0(68)(56)
  1257   230.000000      1.000000     231.000000   Etimer42         0     112002003140101100000110110100000011011001001(56)(99)(31)(131)(77)(117)(68)0(120)(150)(77)0(154)0(68)(57)
  1258   230.000000      1.000000     231.000000   Etimer45         0     112002003140101100000110110100000011011001001(56)(99)(31)(131)(77)(117)(68)0(120)(150)(77)0(155)0(68)(57)
  1259   230.000000      1.000000     231.000000   Etimer39         0     112002003140101100000110110100000011011001001(57)(99)(31)(131)(77)(117)(68)0(120)(150)(77)0(155)0(68)(57)
  1260   231.000000      1.000000     232.000000   Etimer38         0     112002003140101100000110110100000011011001001(57)(99)(31)(131)(77)(117)(68)0(121)(150)(77)0(155)0(68)(57)
  1261   231.000000      1.000000     232.000000   Etimer45         0     112002003140101100000110110100000011011001001(57)(99)(31)(131)(77)(118)(68)0(121)(150)(77)0(155)0(68)(57)
  1262   231.000000      1.000000     232.000000   Etimer36         0     112002003140101100000110110100000011011001001(58)(99)(31)(131)(77)(118)(68)0(121)(150)(77)0(155)0(68)(57)
  1263   231.000000      1.000000     232.000000   Etimer35         0     112002003140101100000110110100000011011001001(58)(99)(32)(131)(77)(118)(68)0(121)(150)(77)0(155)0(68)(57)
  1264   231.000000      1.000000     232.000000   Etimer42         0     112002003140101100000110110100000011011001001(58)(100)(32)(131)(77)(118)(68)0(121)(150)(77)0(155)0(68)(57)
  1265   231.000000      1.000000     232.000000   Etimer45         0     112002003140101100000110110100000011011001001(58)(100)(32)(131)(77)(118)(68)0(121)(150)(77)0(156)0(68)(57)
  1266   231.000000      1.000000     232.000000   Etimer39         0     112002003140101100000110110100000011011001001(58)(100)(32)(131)(77)(118)(68)0(121)(150)(77)0(156)0(68)(58)
  1267   232.000000      1.000000     233.000000   Etimer45         0     112002003140101100000110110100000011011001001(58)(100)(32)(131)(77)(118)(68)0(122)(150)(77)0(156)0(68)(58)
  1268   232.000000      1.000000     233.000000   Etimer35         0     112002003140101100000110110100000011011001001(58)(100)(32)(131)(77)(118)(68)0(122)(150)(77)0(156)0(68)(59)
  1269   232.000000      1.000000     233.000000   Etimer39         0     112002003140101100000110110100000011011001001(58)(101)(32)(131)(77)(118)(68)0(122)(150)(77)0(156)0(68)(59)
  1270   232.000000      1.000000     233.000000   Etimer38         0     112002003140101100000110110100000011011001001(58)(101)(32)(131)(77)(118)(68)0(123)(150)(77)0(156)0(68)(59)
  1271   232.000000      1.000000     233.000000   Etimer45         0     112002003140101100000110110100000011011001001(58)(101)(32)(131)(77)(119)(68)0(123)(150)(77)0(156)0(68)(59)
  1272   232.000000      1.000000     233.000000   Etimer36         0     112002003140101100000110110100000011011001001(59)(101)(32)(131)(77)(119)(68)0(123)(150)(77)0(156)0(68)(59)
  1273   232.000000      1.000000     233.000000   Etimer42         0     112002003140101100000110110100000011011001001(59)(101)(33)(131)(77)(119)(68)0(123)(150)(77)0(156)0(68)(59)
  1274   233.000000      1.000000     234.000000   Etimer42         0     112002003140101100000110110100000011011001001(59)(101)(33)(131)(77)(119)(68)0(123)(150)(77)0(157)0(68)(59)
  1275   233.000000      1.000000     234.000000   Etimer45         0     112002003140101100000110110100000011011001001(59)(101)(33)(131)(77)(119)(68)0(123)(150)(77)0(158)0(68)(59)
  1276   233.000000      1.000000     234.000000   Etimer35         0     112002003140101100000110110100000011011001001(60)(101)(33)(131)(77)(119)(68)0(123)(150)(77)0(158)0(68)(59)
  1277   233.000000      1.000000     234.000000   Etimer38         0     112002003140101100000110110100000011011001001(60)(102)(33)(131)(77)(119)(68)0(123)(150)(77)0(158)0(68)(59)
  1278   233.000000      1.000000     234.000000   Etimer39         0     112002003140101100000110110100000011011001001(60)(102)(33)(131)(77)(120)(68)0(123)(150)(77)0(158)0(68)(59)
  1279   233.000000      1.000000     234.000000   Etimer36         0     112002003140101100000110110100000011011001001(60)(102)(33)(131)(77)(120)(68)0(124)(150)(77)0(158)0(68)(59)
  1280   233.000000      1.000000     234.000000   Etimer45         0     112002003140101100000110110100000011011001001(60)(102)(34)(131)(77)(120)(68)0(124)(150)(77)0(158)0(68)(59)
  1281   234.000000      1.000000     235.000000   Etimer36         0     112002003140101100000110110100000011011001001(60)(102)(34)(131)(77)(120)(68)0(124)(150)(77)0(158)0(68)(60)
  1282   234.000000      1.000000     235.000000   Etimer35         0     112002003140101100000110110100000011011001001(60)(102)(35)(131)(77)(120)(68)0(124)(150)(77)0(158)0(68)(60)
  1283   234.000000      1.000000     235.000000   Etimer45         0     112002003140101100000110110100000011011001001(60)(103)(35)(131)(77)(120)(68)0(124)(150)(77)0(158)0(68)(60)
  1284   234.000000      1.000000     235.000000   Etimer45         0     112002003140101100000110110100000011011001001(60)(103)(35)(131)(77)(120)(68)0(124)(150)(77)0(158)0(68)(61)
  1285   234.000000      1.000000     235.000000   Etimer42         0     112002003140101100000110110100000011011001001(61)(103)(35)(131)(77)(120)(68)0(124)(150)(77)0(158)0(68)(61)
  1286   234.000000      1.000000     235.000000   Etimer39         0     112002003140101100000110110100000011011001001(61)(103)(35)(131)(77)(120)(68)0(124)(150)(77)0(159)0(68)(61)
  1287   234.000000      1.000000     235.000000   Etimer38         0     112002003140101100000110110100000011011001001(61)(103)(35)(131)(77)(120)(68)0(125)(150)(77)0(159)0(68)(61)
  1288   235.000000      1.000000     236.000000   Etimer45         0     112002003140101100000110110100000011011001001(61)(103)(35)(131)(77)(121)(68)0(125)(150)(77)0(159)0(68)(61)
  1289   235.000000      1.000000     236.000000   Etimer39         0     112002003140101100000110110100000011011001001(61)(103)(35)(131)(77)(121)(68)0(125)(150)(77)0(159)0(68)(62)
  1290   235.000000      1.000000     236.000000   Etimer35         0     112002003140101100000110110100000011011001001(61)(103)(35)(131)(77)(121)(68)0(126)(150)(77)0(159)0(68)(62)
  1291   235.000000      1.000000     236.000000   Etimer38         0     112002003140101100000110110100000011011001001(61)(104)(35)(131)(77)(121)(68)0(126)(150)(77)0(159)0(68)(62)
  1292   235.000000      1.000000     236.000000   Etimer45         0     112002003140101100000110110100000011011001001(61)(104)(35)(131)(77)(122)(68)0(126)(150)(77)0(159)0(68)(62)
  1293   235.000000      1.000000     236.000000   Etimer36         0     112002003140101100000110110100000011011001001(62)(104)(35)(131)(77)(122)(68)0(126)(150)(77)0(159)0(68)(62)
  1294   235.000000      1.000000     236.000000   Etimer42         0     112002003140101100000110110100000011011001001(62)(104)(36)(131)(77)(122)(68)0(126)(150)(77)0(159)0(68)(62)
  1295   236.000000      1.000000     237.000000   Etimer45         0     112002003140101100000110110100000011011001001(62)(104)(36)(131)(77)(122)(68)0(126)(150)(77)0(160)0(68)(62)
  1296   236.000000      1.000000     237.000000   Etimer42         0     112002003140101100000110110100000011011001001(63)(104)(36)(131)(77)(122)(68)0(126)(150)(77)0(160)0(68)(62)
  1297   236.000000      1.000000     237.000000   Etimer35         0     112002003140101100000110110100000011011001001(63)(104)(36)(131)(77)(122)(68)0(126)(150)(77)0(161)0(68)(62)
  1298   236.000000      1.000000     237.000000   Etimer36         0     112002003140101100000110110100000011011001001(63)(105)(36)(131)(77)(122)(68)0(126)(150)(77)0(161)0(68)(62)
  1299   236.000000      1.000000     237.000000   Etimer45         0     112002003140101100000110110100000011011001001(63)(105)(37)(131)(77)(122)(68)0(126)(150)(77)0(161)0(68)(62)
  1300   236.000000      1.000000     237.000000   Etimer38         0     112002003140101100000110110100000011011001001(63)(105)(37)(131)(77)(122)(68)0(126)(150)(77)0(161)0(68)(63)
  1301   236.000000      1.000000     237.000000   Etimer39         0     112002003140101100000110110100000011011001001(63)(105)(37)(131)(77)(123)(68)0(126)(150)(77)0(161)0(68)(63)
  1302   237.000000      1.000000     238.000000   Etimer45         0     112002003140101100000110110100000011011001001(63)(105)(37)(131)(77)(123)(68)0(127)(150)(77)0(161)0(68)(63)
  1303   237.000000      1.000000     238.000000   Etimer36         0     112002003140101100000110110100000011011001001(64)(105)(37)(131)(77)(123)(68)0(127)(150)(77)0(161)0(68)(63)
  1304   237.000000      1.000000     238.000000   Etimer35         0     112002003140101100000110110100000011011001001(64)(105)(38)(131)(77)(123)(68)0(127)(150)(77)0(161)0(68)(63)
  1305   237.000000      1.000000     238.000000   Etimer42         0     112002003140101100000110110100000011011001001(64)(106)(38)(131)(77)(123)(68)0(127)(150)(77)0(161)0(68)(63)
  1306   237.000000      1.000000     238.000000   Etimer39         0     112002003140101100000110110100000011011001001(64)(106)(38)(131)(77)(123)(68)0(127)(150)(77)0(162)0(68)(63)
  1307   237.000000      1.000000     238.000000   Etimer45         0     112002003140101100000110110100000011011001001(64)(106)(38)(131)(77)(123)(68)0(128)(150)(77)0(162)0(68)(63)
  1308   237.000000      1.000000     238.000000   Etimer38         0     112002003140101100000110110100000011011001001(64)(106)(38)(131)(77)(123)(68)0(128)(150)(77)0(162)0(68)(64)
  1309   238.000000      1.000000     239.000000   Etimer38         0     112002003140101100000110110100000011011001001(64)(106)(38)(131)(77)(124)(68)0(128)(150)(77)0(162)0(68)(64)
  1310   238.000000      1.000000     239.000000   Etimer35         0     112002003140101100000110110100000011011001001(64)(106)(38)(131)(77)(125)(68)0(128)(150)(77)0(162)0(68)(64)
  1311   238.000000      1.000000     239.000000   Etimer45         0     112002003140101100000110110100000011011001001(64)(107)(38)(131)(77)(125)(68)0(128)(150)(77)0(162)0(68)(64)
  1312   238.000000      1.000000     239.000000   Etimer36         0     112002003140101100000110110100000011011001001(64)(107)(38)(131)(77)(125)(68)0(128)(150)(77)0(162)0(68)(65)
  1313   238.000000      1.000000     239.000000   Etimer39         0     112002003140101100000110110100000011011001001(64)(107)(39)(131)(77)(125)(68)0(128)(150)(77)0(162)0(68)(65)
  1314   238.000000      1.000000     239.000000   Etimer42         0     112002003140101100000110110100000011011001001(64)(107)(39)(131)(77)(125)(68)0(129)(150)(77)0(162)0(68)(65)
  1315   238.000000      1.000000     239.000000   Etimer45         0     112002003140101100000110110100000011011001001(64)(107)(39)(131)(77)(125)(68)0(129)(150)(77)0(163)0(68)(65)
  1316   239.000000      1.000000     240.000000   Etimer39         0     112002003140101100000110110100000011011001001(65)(107)(39)(131)(77)(125)(68)0(129)(150)(77)0(163)0(68)(65)
  1317   239.000000      1.000000     240.000000   Etimer45         0     112002003140101100000110110100000011011001001(65)(107)(39)(131)(77)(125)(68)0(130)(150)(77)0(163)0(68)(65)
  1318   239.000000      1.000000     240.000000   Etimer45         0     112002003140101100000110110100000011011001001(66)(107)(39)(131)(77)(125)(68)0(130)(150)(77)0(163)0(68)(65)
  1319   239.000000      1.000000     240.000000   Etimer42         0     112002003140101100000110110100000011011001001(66)(107)(39)(131)(77)(125)(68)0(130)(150)(77)0(163)0(68)(66)
  1320   239.000000      1.000000     240.000000   Etimer36         0     112002003140101100000110110100000011011001001(66)(107)(39)(131)(77)(125)(68)0(130)(150)(77)0(164)0(68)(66)
  1321   239.000000      1.000000     240.000000   Etimer35         0     112002003140101100000110110100000011011001001(66)(107)(40)(131)(77)(125)(68)0(130)(150)(77)0(164)0(68)(66)
  1322   239.000000      1.000000     240.000000   Etimer38         0     112002003140101100000110110100000011011001001(66)(108)(40)(131)(77)(125)(68)0(130)(150)(77)0(164)0(68)(66)
  1323   240.000000      1.000000     241.000000   Etimer36         0     112002003140101100000110110100000011011001001(66)(108)(40)(131)(77)(126)(68)0(130)(150)(77)0(164)0(68)(66)
  1324   240.000000      1.000000     241.000000   Etimer38         0     112002003140101100000110110100000011011001001(66)(108)(41)(131)(77)(126)(68)0(130)(150)(77)0(164)0(68)(66)
  1325   240.000000      1.000000     241.000000   Etimer42         0     112002003140101100000110110100000011011001001(66)(108)(41)(131)(77)(127)(68)0(130)(150)(77)0(164)0(68)(66)
  1326   240.000000      1.000000     241.000000   Etimer45         0     112002003140101100000110110100000011011001001(66)(108)(41)(131)(77)(127)(68)0(130)(150)(77)0(165)0(68)(66)
  1327   240.000000      1.000000     241.000000   Etimer39         0     112002003140101100000110110100000011011001001(66)(108)(41)(131)(77)(127)(68)0(130)(150)(77)0(165)0(68)(67)
  1328   240.000000      1.000000     241.000000   Etimer35         0     112002003140101100000110110100000011011001001(66)(108)(41)(131)(77)(127)(68)0(131)(150)(77)0(165)0(68)(67)
  1329   240.000000      1.000000     241.000000   Etimer45         0     112002003140101100000110110100000011011001001(66)(109)(41)(131)(77)(127)(68)0(131)(150)(77)0(165)0(68)(67)
  1330   241.000000      1.000000     242.000000   Etimer39         0     112002003140101100000110110100000011011001001(67)(109)(41)(131)(77)(127)(68)0(131)(150)(77)0(165)0(68)(67)
  1331   241.000000      1.000000     242.000000   Etimer36         0     112002003140101100000110110100000011011001001(67)(109)(41)(131)(77)(127)(68)0(132)(150)(77)0(165)0(68)(67)
  1332   241.000000      1.000000     242.000000   Etimer38         0     112002003140101100000110110100000011011001001(67)(109)(42)(131)(77)(127)(68)0(132)(150)(77)0(165)0(68)(67)
  1333   241.000000      1.000000     242.000000   Etimer45         0     112002003140101100000110110100000011011001001(67)(109)(42)(131)(77)(128)(68)0(132)(150)(77)0(165)0(68)(67)
  1334   241.000000      1.000000     242.000000   Etimer42         0     112002003140101100000110110100000011011001001(67)(109)(42)(131)(77)(128)(68)0(132)(150)(77)0(165)0(68)(68)
  1335   241.000000      1.000000     242.000000   Etimer45         0     112002003140101100000110110100000011011001001(67)(109)(42)(131)(77)(128)(68)0(132)(150)(77)0(166)0(68)(68)
  1336   241.000000      1.000000     242.000000   Etimer35         0     112002003140101100000110110100000011011001001(68)(109)(42)(131)(77)(128)(68)0(132)(150)(77)0(166)0(68)(68)
  1337   242.000000      1.000000     243.000000   Etimer36         0     112002003140101100000110110100000011011001001(68)(110)(42)(131)(77)(128)(68)0(132)(150)(77)0(166)0(68)(68)
  1338   242.000000      1.000000     243.000000   Etimer42         0     112002003140101100000110110100000011011001001(68)(110)(43)(131)(77)(128)(68)0(132)(150)(77)0(166)0(68)(68)
  1339   242.000000      1.000000     243.000000   Etimer38         0     112002003140101100000110110100000011011001001(68)(110)(43)(131)(77)(128)(68)0(132)(150)(77)0(167)0(68)(68)
  1340   242.000000      1.000000     243.000000   Etimer35         0     112002003140101100000110110100000011011001001(68)(110)(43)(131)(77)(129)(68)0(132)(150)(77)0(167)0(68)(68)
  1341   242.000000      1.000000     243.000000   Etimer45         0     112002003140101100000110110100000011011001001(68)(111)(43)(131)(77)(129)(68)0(132)(150)(77)0(167)0(68)(68)
  1342   242.000000      1.000000     243.000000   Etimer39         0     112002003140101100000110110100000011011001001(69)(111)(43)(131)(77)(129)(68)0(132)(150)(77)0(167)0(68)(68)
  1343   242.000000      1.000000     243.000000   Etimer45         0     112002003140101100000110110100000011011001001(69)(111)(43)(131)(77)(129)(68)0(133)(150)(77)0(167)0(68)(68)
  1344   210.000000     33.000000     243.000000   T8               0     112002003140101100000110110100000011011001001(69)(111)(43)(131)(77)(129)(68)0(133)(150)(77)0(167)0(68)(69)
  1345   243.000000      0.000000     243.000000   ImmTr12          0     112002013140101100000110100100000011011001101(69)(111)(43)(131)(77)(129)(68)0(133)(150)(77)0(167)0(68)(69)
  1346   243.000000      1.000000     244.000000   Etimer36         0     112002013040101100000110100101000011011001001(69)(111)(43)(131)(77)(129)(68)0(133)(150)(77)0(167)0(68)(69)
  1347   243.000000      1.000000     244.000000   Etimer45         0     112002013040101100000110100101000011011001001(69)(111)(44)(131)(77)(129)(68)0(133)(150)(77)0(167)0(68)(69)
  1348   243.000000      1.000000     244.000000   Etimer38         0     112002013040101100000110100101000011011001001(69)(111)(44)(131)(77)(129)(68)0(133)(150)(77)0(167)0(68)(70)
  1349   243.000000      1.000000     244.000000   Etimer39         0     112002013040101100000110100101000011011001001(69)(111)(44)(131)(77)(130)(68)0(133)(150)(77)0(167)0(68)(70)
  1350   243.000000      1.000000     244.000000   Etimer42         0     112002013040101100000110100101000011011001001(69)(111)(44)(131)(77)(130)(68)0(134)(150)(77)0(167)0(68)(70)
  1351   243.000000      1.000000     244.000000   Etimer35         0     112002013040101100000110100101000011011001001(69)(111)(44)(131)(77)(130)(68)0(134)(150)(77)0(168)0(68)(70)
  1352   243.000000      1.000000     244.000000   Etimer45         0     112002013040101100000110100101000011011001001(69)(112)(44)(131)(77)(130)(68)0(134)(150)(77)0(168)0(68)(70)
  1353   244.000000      1.000000     245.000000   Etimer45         0     112002013040101100000110100101000011011001001(70)(112)(44)(131)(77)(130)(68)0(134)(150)(77)0(168)0(68)(70)
  1354   244.000000      1.000000     245.000000   Etimer42         0     112002013040101100000110100101000011011001001(70)(112)(44)(131)(77)(130)(68)0(134)(150)(77)0(168)0(68)(71)
  1355   244.000000      1.000000     245.000000   Etimer38         0     112002013040101100000110100101000011011001001(70)(112)(44)(131)(77)(130)(68)0(134)(150)(77)0(169)0(68)(71)
  1356   244.000000      1.000000     245.000000   Etimer45         0     112002013040101100000110100101000011011001001(70)(112)(44)(131)(77)(131)(68)0(134)(150)(77)0(169)0(68)(71)
  1357   244.000000      1.000000     245.000000   Etimer36         0     112002013040101100000110100101000011011001001(71)(112)(44)(131)(77)(131)(68)0(134)(150)(77)0(169)0(68)(71)
  1358   244.000000      1.000000     245.000000   Etimer39         0     112002013040101100000110100101000011011001001(71)(112)(45)(131)(77)(131)(68)0(134)(150)(77)0(169)0(68)(71)
  1359   244.000000      1.000000     245.000000   Etimer35         0     112002013040101100000110100101000011011001001(71)(112)(45)(131)(77)(131)(68)0(135)(150)(77)0(169)0(68)(71)
  1360   245.000000      1.000000     246.000000   Etimer35         0     112002013040101100000110100101000011011001001(71)(113)(45)(131)(77)(131)(68)0(135)(150)(77)0(169)0(68)(71)
  1361   245.000000      1.000000     246.000000   Etimer39         0     112002013040101100000110100101000011011001001(71)(114)(45)(131)(77)(131)(68)0(135)(150)(77)0(169)0(68)(71)
  1362   245.000000      1.000000     246.000000   Etimer45         0     112002013040101100000110100101000011011001001(71)(114)(45)(131)(77)(131)(68)0(136)(150)(77)0(169)0(68)(71)
  1363   245.000000      1.000000     246.000000   Etimer42         0     112002013040101100000110100101000011011001001(72)(114)(45)(131)(77)(131)(68)0(136)(150)(77)0(169)0(68)(71)
  1364   245.000000      1.000000     246.000000   Etimer36         0     112002013040101100000110100101000011011001001(72)(114)(45)(131)(77)(131)(68)0(136)(150)(77)0(170)0(68)(71)
  1365   245.000000      1.000000     246.000000   Etimer38         0     112002013040101100000110100101000011011001001(72)(114)(46)(131)(77)(131)(68)0(136)(150)(77)0(170)0(68)(71)
  1366   245.000000      1.000000     246.000000   Etimer45         0     112002013040101100000110100101000011011001001(72)(114)(46)(131)(77)(132)(68)0(136)(150)(77)0(170)0(68)(71)
  1367   246.000000      1.000000     247.000000   Etimer42         0     112002013040101100000110100101000011011001001(72)(114)(46)(131)(77)(132)(68)0(136)(150)(77)0(170)0(68)(72)
  1368   246.000000      1.000000     247.000000   Etimer35         0     112002013040101100000110100101000011011001001(72)(114)(46)(131)(77)(132)(68)0(136)(150)(77)0(171)0(68)(72)
  1369   246.000000      1.000000     247.000000   Etimer39         0     112002013040101100000110100101000011011001001(72)(115)(46)(131)(77)(132)(68)0(136)(150)(77)0(171)0(68)(72)
  1370   246.000000      1.000000     247.000000   Etimer38         0     112002013040101100000110100101000011011001001(72)(115)(46)(131)(77)(132)(68)0(137)(150)(77)0(171)0(68)(72)
  1371   246.000000      1.000000     247.000000   Etimer45         0     112002013040101100000110100101000011011001001(72)(115)(46)(131)(77)(133)(68)0(137)(150)(77)0(171)0(68)(72)
  1372   246.000000      1.000000     247.000000   Etimer36         0     112002013040101100000110100101000011011001001(72)(115)(46)(131)(77)(133)(68)0(137)(150)(77)0(171)0(68)(73)
  1373   246.000000      1.000000     247.000000   Etimer45         0     112002013040101100000110100101000011011001001(72)(115)(47)(131)(77)(133)(68)0(137)(150)(77)0(171)0(68)(73)
  1374   247.000000      1.000000     248.000000   Etimer39         0     112002013040101100000110100101000011011001001(73)(115)(47)(131)(77)(133)(68)0(137)(150)(77)0(171)0(68)(73)
  1375   247.000000      1.000000     248.000000   Etimer45         0     112002013040101100000110100101000011011001001(73)(115)(47)(131)(77)(133)(68)0(138)(150)(77)0(171)0(68)(73)
  1376   247.000000      1.000000     248.000000   Etimer45         0     112002013040101100000110100101000011011001001(74)(115)(47)(131)(77)(133)(68)0(138)(150)(77)0(171)0(68)(73)
  1377   247.000000      1.000000     248.000000   Etimer36         0     112002013040101100000110100101000011011001001(74)(115)(47)(131)(77)(133)(68)0(138)(150)(77)0(171)0(68)(74)
  1378   247.000000      1.000000     248.000000   Etimer42         0     112002013040101100000110100101000011011001001(74)(115)(48)(131)(77)(133)(68)0(138)(150)(77)0(171)0(68)(74)
  1379   247.000000      1.000000     248.000000   Etimer35         0     112002013040101100000110100101000011011001001(74)(115)(48)(131)(77)(133)(68)0(138)(150)(77)0(172)0(68)(74)
  1380   247.000000      1.000000     248.000000   Etimer38         0     112002013040101100000110100101000011011001001(74)(116)(48)(131)(77)(133)(68)0(138)(150)(77)0(172)0(68)(74)
  1381   248.000000      1.000000     249.000000   Etimer39         0     112002013040101100000110100101000011011001001(74)(116)(48)(131)(77)(134)(68)0(138)(150)(77)0(172)0(68)(74)
  1382   248.000000      1.000000     249.000000   Etimer42         0     112002013040101100000110100101000011011001001(74)(116)(48)(131)(77)(134)(68)0(139)(150)(77)0(172)0(68)(74)
  1383   248.000000      1.000000     249.000000   Etimer36         0     112002013040101100000110100101000011011001001(74)(116)(48)(131)(77)(134)(68)0(139)(150)(77)0(173)0(68)(74)
  1384   248.000000      1.000000     249.000000   Etimer45         0     112002013040101100000110100101000011011001001(74)(116)(49)(131)(77)(134)(68)0(139)(150)(77)0(173)0(68)(74)
  1385   248.000000      1.000000     249.000000   Etimer45         0     112002013040101100000110100101000011011001001(75)(116)(49)(131)(77)(134)(68)0(139)(150)(77)0(173)0(68)(74)
  1386   248.000000      1.000000     249.000000   Etimer38         0     112002013040101100000110100101000011011001001(75)(116)(49)(131)(77)(134)(68)0(139)(150)(77)0(173)0(68)(75)
  1387   248.000000      1.000000     249.000000   Etimer35         0     112002013040101100000110100101000011011001001(75)(116)(49)(131)(77)(135)(68)0(139)(150)(77)0(173)0(68)(75)
  1388   249.000000      1.000000     250.000000   Etimer45         0     112002013040101100000110100101000011011001001(75)(117)(49)(131)(77)(135)(68)0(139)(150)(77)0(173)0(68)(75)
  1389   249.000000      1.000000     250.000000   Etimer39         0     112002013040101100000110100101000011011001001(76)(117)(49)(131)(77)(135)(68)0(139)(150)(77)0(173)0(68)(75)
  1390   249.000000      1.000000     250.000000   Etimer38         0     112002013040101100000110100101000011011001001(76)(117)(49)(131)(77)(135)(68)0(140)(150)(77)0(173)0(68)(75)
  1391   249.000000      1.000000     250.000000   Etimer42         0     112002013040101100000110100101000011011001001(76)(117)(49)(131)(77)(136)(68)0(140)(150)(77)0(173)0(68)(75)
  1392   249.000000      1.000000     250.000000   Etimer35         0     112002013040101100000110100101000011011001001(76)(117)(49)(131)(77)(136)(68)0(140)(150)(77)0(174)0(68)(75)
  1393   249.000000      1.000000     250.000000   Etimer36         0     112002013040101100000110100101000011011001001(76)(118)(49)(131)(77)(136)(68)0(140)(150)(77)0(174)0(68)(75)
  1394   249.000000      1.000000     250.000000   Etimer45         0     112002013040101100000110100101000011011001001(76)(118)(50)(131)(77)(136)(68)0(140)(150)(77)0(174)0(68)(75)
  1395   250.000000      1.000000     251.000000   Etimer42         0     112002013040101100000110100101000011011001001(76)(118)(50)(131)(77)(136)(68)0(140)(150)(77)0(174)0(68)(76)
  1396   250.000000      1.000000     251.000000   Etimer45         0     112002013040101100000110100101000011011001001(76)(118)(50)(131)(77)(136)(68)0(140)(150)(77)0(175)0(68)(76)
  1397   250.000000      1.000000     251.000000   Etimer35         0     112002013040101100000110100101000011011001001(76)(118)(50)(131)(77)(136)(68)0(140)(150)(77)0(175)0(68)(77)
  1398   250.000000      1.000000     251.000000   Etimer45         0     112002013040101100000110100101000011011001001(76)(119)(50)(131)(77)(136)(68)0(140)(150)(77)0(175)0(68)(77)
  1399   250.000000      1.000000     251.000000   Etimer39         0     112002013040101100000110100101000011011001001(77)(119)(50)(131)(77)(136)(68)0(140)(150)(77)0(175)0(68)(77)
  1400   250.000000      1.000000     251.000000   Etimer38         0     112002013040101100000110100101000011011001001(77)(119)(50)(131)(77)(136)(68)0(141)(150)(77)0(175)0(68)(77)
  1401   250.000000      1.000000     251.000000   Etimer36         0     112002013040101100000110100101000011011001001(77)(119)(50)(131)(77)(137)(68)0(141)(150)(77)0(175)0(68)(77)
  1402   251.000000      1.000000     252.000000   Etimer45         0     112002013040101100000110100101000011011001001(77)(119)(51)(131)(77)(137)(68)0(141)(150)(77)0(175)0(68)(77)
  1403   251.000000      1.000000     252.000000   Etimer42         0     112002013040101100000110100101000011011001001(78)(119)(51)(131)(77)(137)(68)0(141)(150)(77)0(175)0(68)(77)
  1404   251.000000      1.000000     252.000000   Etimer38         0     112002013040101100000110100101000011011001001(78)(119)(51)(131)(77)(137)(68)0(141)(150)(77)0(176)0(68)(77)
  1405   251.000000      1.000000     252.000000   Etimer45         0     112002013040101100000110100101000011011001001(78)(119)(51)(131)(77)(138)(68)0(141)(150)(77)0(176)0(68)(77)
  1406   251.000000      1.000000     252.000000   Etimer35         0     112002013040101100000110100101000011011001001(78)(119)(51)(131)(77)(138)(68)0(141)(150)(77)0(176)0(68)(78)
  1407   251.000000      1.000000     252.000000   Etimer36         0     112002013040101100000110100101000011011001001(78)(120)(51)(131)(77)(138)(68)0(141)(150)(77)0(176)0(68)(78)
  1408   251.000000      1.000000     252.000000   Etimer39         0     112002013040101100000110100101000011011001001(78)(120)(52)(131)(77)(138)(68)0(141)(150)(77)0(176)0(68)(78)
  1409   252.000000      1.000000     253.000000   Etimer36         0     112002013040101100000110100101000011011001001(78)(120)(52)(131)(77)(138)(68)0(142)(150)(77)0(176)0(68)(78)
  1410   252.000000      1.000000     253.000000   Etimer39         0     112002013040101100000110100101000011011001001(78)(120)(53)(131)(77)(138)(68)0(142)(150)(77)0(176)0(68)(78)
  1411   252.000000      1.000000     253.000000   Etimer45         0     112002013040101100000110100101000011011001001(78)(120)(53)(131)(77)(138)(68)0(143)(150)(77)0(176)0(68)(78)
  1412   252.000000      1.000000     253.000000   Etimer38         0     112002013040101100000110100101000011011001001(78)(120)(53)(131)(77)(138)(68)0(143)(150)(77)0(176)0(68)(79)
  1413   252.000000      1.000000     253.000000   Etimer45         0     112002013040101100000110100101000011011001001(78)(120)(53)(131)(77)(139)(68)0(143)(150)(77)0(176)0(68)(79)
  1414   252.000000      1.000000     253.000000   Etimer35         0     112002013040101100000110100101000011011001001(79)(120)(53)(131)(77)(139)(68)0(143)(150)(77)0(176)0(68)(79)
  1415   252.000000      1.000000     253.000000   Etimer42         0     112002013040101100000110100101000011011001001(79)(121)(53)(131)(77)(139)(68)0(143)(150)(77)0(176)0(68)(79)
  1416   253.000000      1.000000     254.000000   Etimer39         0     112002013040101100000110100101000011011001001(79)(121)(53)(131)(77)(139)(68)0(143)(150)(77)0(177)0(68)(79)
  1417   253.000000      1.000000     254.000000   Etimer36         0     112002013040101100000110100101000011011001001(79)(121)(53)(131)(77)(139)(68)0(144)(150)(77)0(177)0(68)(79)
  1418   253.000000      1.000000     254.000000   Etimer38         0     112002013040101100000110100101000011011001001(79)(121)(54)(131)(77)(139)(68)0(144)(150)(77)0(177)0(68)(79)
  1419   253.000000      1.000000     254.000000   Etimer42         0     112002013040101100000110100101000011011001001(79)(121)(54)(131)(77)(140)(68)0(144)(150)(77)0(177)0(68)(79)
  1420   253.000000      1.000000     254.000000   Etimer35         0     112002013040101100000110100101000011011001001(79)(121)(54)(131)(77)(140)(68)0(144)(150)(77)0(178)0(68)(79)
  1421   253.000000      1.000000     254.000000   Etimer45         0     112002013040101100000110100101000011011001001(79)(122)(54)(131)(77)(140)(68)0(144)(150)(77)0(178)0(68)(79)
  1422   253.000000      1.000000     254.000000   Etimer45         0     112002013040101100000110100101000011011001001(80)(122)(54)(131)(77)(140)(68)0(144)(150)(77)0(178)0(68)(79)
  1423   254.000000      1.000000     255.000000   Etimer42         0     112002013040101100000110100101000011011001001(80)(122)(54)(131)(77)(140)(68)0(144)(150)(77)0(178)0(68)(80)
  1424   254.000000      1.000000     255.000000   Etimer45         0     112002013040101100000110100101000011011001001(80)(122)(54)(131)(77)(140)(68)0(144)(150)(77)0(179)0(68)(80)
  1425   254.000000      1.000000     255.000000   Etimer45         0     112002013040101100000110100101000011011001001(80)(122)(54)(131)(77)(140)(68)0(144)(150)(77)0(179)0(68)(81)
  1426   254.000000      1.000000     255.000000   Etimer35         0     112002013040101100000110100101000011011001001(81)(122)(54)(131)(77)(140)(68)0(144)(150)(77)0(179)0(68)(81)
  1427   254.000000      1.000000     255.000000   Etimer39         0     112002013040101100000110100101000011011001001(81)(123)(54)(131)(77)(140)(68)0(144)(150)(77)0(179)0(68)(81)
  1428   254.000000      1.000000     255.000000   Etimer38         0     112002013040101100000110100101000011011001001(81)(123)(54)(131)(77)(140)(68)0(145)(150)(77)0(179)0(68)(81)
  1429   254.000000      1.000000     255.000000   Etimer36         0     112002013040101100000110100101000011011001001(81)(123)(54)(131)(77)(141)(68)0(145)(150)(77)0(179)0(68)(81)
  1430   255.000000      1.000000     256.000000   Etimer42         0     112002013040101100000110100101000011011001001(81)(123)(55)(131)(77)(141)(68)0(145)(150)(77)0(179)0(68)(81)
  1431   255.000000      1.000000     256.000000   Etimer38         0     112002013040101100000110100101000011011001001(81)(123)(55)(131)(77)(141)(68)0(145)(150)(77)0(180)0(68)(81)
  1432   255.000000      1.000000     256.000000   Etimer35         0     112002013040101100000110100101000011011001001(81)(123)(55)(131)(77)(142)(68)0(145)(150)(77)0(180)0(68)(81)
  1433   255.000000      1.000000     256.000000   Etimer36         0     112002013040101100000110100101000011011001001(81)(124)(55)(131)(77)(142)(68)0(145)(150)(77)0(180)0(68)(81)
  1434   255.000000      1.000000     256.000000   Etimer45         0     112002013040101100000110100101000011011001001(81)(124)(56)(131)(77)(142)(68)0(145)(150)(77)0(180)0(68)(81)
  1435   255.000000      1.000000     256.000000   Etimer39         0     112002013040101100000110100101000011011001001(82)(124)(56)(131)(77)(142)(68)0(145)(150)(77)0(180)0(68)(81)
  1436   255.000000      1.000000     256.000000   Etimer45         0     112002013040101100000110100101000011011001001(82)(124)(56)(131)(77)(142)(68)0(146)(150)(77)0(180)0(68)(81)
  1437   256.000000      1.000000     257.000000   Etimer38         0     112002013040101100000110100101000011011001001(82)(124)(56)(131)(77)(142)(68)0(146)(150)(77)0(180)0(68)(82)
  1438   256.000000      1.000000     257.000000   Etimer45         0     112002013040101100000110100101000011011001001(82)(124)(56)(131)(77)(143)(68)0(146)(150)(77)0(180)0(68)(82)
  1439   256.000000      1.000000     257.000000   Etimer42         0     112002013040101100000110100101000011011001001(82)(124)(56)(131)(77)(143)(68)0(146)(150)(77)0(180)0(68)(83)
  1440   256.000000      1.000000     257.000000   Etimer45         0     112002013040101100000110100101000011011001001(82)(124)(56)(131)(77)(143)(68)0(146)(150)(77)0(181)0(68)(83)
  1441   256.000000      1.000000     257.000000   Etimer35         0     112002013040101100000110100101000011011001001(83)(124)(56)(131)(77)(143)(68)0(146)(150)(77)0(181)0(68)(83)
  1442   256.000000      1.000000     257.000000   Etimer39         0     112002013040101100000110100101000011011001001(83)(125)(56)(131)(77)(143)(68)0(146)(150)(77)0(181)0(68)(83)
  1443   256.000000      1.000000     257.000000   Etimer36         0     112002013040101100000110100101000011011001001(83)(125)(56)(131)(77)(143)(68)0(147)(150)(77)0(181)0(68)(83)
  1444   257.000000      1.000000     258.000000   Etimer45         0     112002013040101100000110100101000011011001001(83)(125)(57)(131)(77)(143)(68)0(147)(150)(77)0(181)0(68)(83)
  1445   257.000000      1.000000     258.000000   Etimer42         0     112002013040101100000110100101000011011001001(84)(125)(57)(131)(77)(143)(68)0(147)(150)(77)0(181)0(68)(83)
  1446   257.000000      1.000000     258.000000   Etimer38         0     112002013040101100000110100101000011011001001(84)(125)(57)(131)(77)(143)(68)0(147)(150)(77)0(182)0(68)(83)
  1447   257.000000      1.000000     258.000000   Etimer45         0     112002013040101100000110100101000011011001001(84)(125)(57)(131)(77)(144)(68)0(147)(150)(77)0(182)0(68)(83)
  1448   257.000000      1.000000     258.000000   Etimer35         0     112002013040101100000110100101000011011001001(84)(125)(57)(131)(77)(144)(68)0(147)(150)(77)0(182)0(68)(84)
  1449   257.000000      1.000000     258.000000   Etimer39         0     112002013040101100000110100101000011011001001(84)(126)(57)(131)(77)(144)(68)0(147)(150)(77)0(182)0(68)(84)
  1450   257.000000      1.000000     258.000000   Etimer36         0     112002013040101100000110100101000011011001001(84)(126)(57)(131)(77)(144)(68)0(148)(150)(77)0(182)0(68)(84)
  1451   258.000000      1.000000     259.000000   Etimer42         0     112002013040101100000110100101000011011001001(84)(126)(58)(131)(77)(144)(68)0(148)(150)(77)0(182)0(68)(84)
  1452   258.000000      1.000000     259.000000   Etimer39         0     112002013040101100000110100101000011011001001(84)(126)(58)(131)(77)(144)(68)0(148)(150)(77)0(183)0(68)(84)
  1453   258.000000      1.000000     259.000000   Etimer35         0     112002013040101100000110100101000011011001001(84)(126)(58)(131)(77)(144)(68)0(149)(150)(77)0(183)0(68)(84)
  1454   258.000000      1.000000     259.000000   Etimer36         0     112002013040101100000110100101000011011001001(84)(127)(58)(131)(77)(144)(68)0(149)(150)(77)0(183)0(68)(84)
  1455   258.000000      1.000000     259.000000   Etimer45         0     112002013040101100000110100101000011011001001(84)(127)(59)(131)(77)(144)(68)0(149)(150)(77)0(183)0(68)(84)
  1456   258.000000      1.000000     259.000000   Etimer45         0     112002013040101100000110100101000011011001001(85)(127)(59)(131)(77)(144)(68)0(149)(150)(77)0(183)0(68)(84)
  1457   258.000000      1.000000     259.000000   Etimer38         0     112002013040101100000110100101000011011001001(85)(127)(59)(131)(77)(144)(68)0(149)(150)(77)0(183)0(68)(85)
  1458   259.000000      1.000000     260.000000   Etimer42         0     112002013040101100000110100101000011011001001(85)(127)(59)(131)(77)(145)(68)0(149)(150)(77)0(183)0(68)(85)
  1459   259.000000      1.000000     260.000000   Etimer35         0     112002013040101100000110100101000011011001001(85)(127)(59)(131)(77)(145)(68)0(149)(150)(77)0(184)0(68)(85)
  1460   259.000000      1.000000     260.000000   Etimer45         0     112002013040101100000110100101000011011001001(85)(128)(59)(131)(77)(145)(68)0(149)(150)(77)0(184)0(68)(85)
  1461   259.000000      1.000000     260.000000   Etimer36         0     112002013040101100000110100101000011011001001(85)(128)(59)(131)(77)(145)(68)0(149)(150)(77)0(184)0(68)(86)
  1462   259.000000      1.000000     260.000000   Etimer45         0     112002013040101100000110100101000011011001001(85)(128)(60)(131)(77)(145)(68)0(149)(150)(77)0(184)0(68)(86)
  1463   259.000000      1.000000     260.000000   Etimer38         0     112002013040101100000110100101000011011001001(86)(128)(60)(131)(77)(145)(68)0(149)(150)(77)0(184)0(68)(86)
  1464   259.000000      1.000000     260.000000   Etimer39         0     112002013040101100000110100101000011011001001(86)(128)(60)(131)(77)(146)(68)0(149)(150)(77)0(184)0(68)(86)
  1465   260.000000      1.000000     261.000000   Etimer42         0     112002013040101100000110100101000011011001001(86)(128)(60)(131)(77)(146)(68)0(150)(150)(77)0(184)0(68)(86)
  1466   260.000000      1.000000     261.000000   Etimer38         0     112002013040101100000110100101000011011001001(86)(128)(60)(131)(77)(146)(68)0(150)(150)(77)0(185)0(68)(86)
  1467   260.000000      1.000000     261.000000   Etimer36         0     112002013040101100000110100101000011011001001(86)(128)(60)(131)(77)(147)(68)0(150)(150)(77)0(185)0(68)(86)
  1468   260.000000      1.000000     261.000000   Etimer39         0     112002013040101100000110100101000011011001001(86)(128)(61)(131)(77)(147)(68)0(150)(150)(77)0(185)0(68)(86)
  1469   260.000000      1.000000     261.000000   Etimer45         0     112002013040101100000110100101000011011001001(86)(128)(61)(131)(77)(147)(68)0(151)(150)(77)0(185)0(68)(86)
  1470   260.000000      1.000000     261.000000   Etimer45         0     112002013040101100000110100101000011011001001(86)(128)(61)(131)(77)(147)(68)0(151)(150)(77)0(185)0(68)(87)
  1471   260.000000      1.000000     261.000000   Etimer35         0     112002013040101100000110100101000011011001001(87)(128)(61)(131)(77)(147)(68)0(151)(150)(77)0(185)0(68)(87)
  1472   199.000000     62.000000     261.000000   T5               0     112002013040101100000110100101000011011001001(87)(129)(61)(131)(77)(147)(68)0(151)(150)(77)0(185)0(68)(87)
  1473   261.000000      0.000000     261.000000   ImmTr11          0     112012013040101100000100100101000011011011001(87)(129)(61)(131)(77)(147)(68)0(151)(150)(77)0(185)0(68)(87)
  1474   261.000000      1.000000     262.000000   Etimer35         0     112012012040101100000100100111000011011001001(87)(129)(61)(131)(77)(147)(68)0(151)(150)(77)0(185)0(68)(87)
  1475   261.000000      1.000000     262.000000   Etimer38         0     112012012040101100000100100111000011011001001(87)(130)(61)(131)(77)(147)(68)0(151)(150)(77)0(185)0(68)(87)
  1476   261.000000      1.000000     262.000000   Etimer45         0     112012012040101100000100100111000011011001001(87)(130)(61)(131)(77)(148)(68)0(151)(150)(77)0(185)0(68)(87)
  1477   261.000000      1.000000     262.000000   Etimer42         0     112012012040101100000100100111000011011001001(88)(130)(61)(131)(77)(148)(68)0(151)(150)(77)0(185)0(68)(87)
  1478   261.000000      1.000000     262.000000   Etimer39         0     112012012040101100000100100111000011011001001(88)(130)(61)(131)(77)(148)(68)0(151)(150)(77)0(186)0(68)(87)
  1479   261.000000      1.000000     262.000000   Etimer36         0     112012012040101100000100100111000011011001001(88)(130)(61)(131)(77)(148)(68)0(152)(150)(77)0(186)0(68)(87)
  1480   261.000000      1.000000     262.000000   Etimer45         0     112012012040101100000100100111000011011001001(88)(130)(62)(131)(77)(148)(68)0(152)(150)(77)0(186)0(68)(87)
  1481   262.000000      1.000000     263.000000   Etimer36         0     112012012040101100000100100111000011011001001(88)(130)(62)(131)(77)(148)(68)0(152)(150)(77)0(186)0(68)(88)
  1482   262.000000      1.000000     263.000000   Etimer45         0     112012012040101100000100100111000011011001001(88)(130)(63)(131)(77)(148)(68)0(152)(150)(77)0(186)0(68)(88)
  1483   262.000000      1.000000     263.000000   Etimer42         0     112012012040101100000100100111000011011001001(89)(130)(63)(131)(77)(148)(68)0(152)(150)(77)0(186)0(68)(88)
  1484   262.000000      1.000000     263.000000   Etimer39         0     112012012040101100000100100111000011011001001(89)(130)(63)(131)(77)(148)(68)0(152)(150)(77)0(187)0(68)(88)
  1485   262.000000      1.000000     263.000000   Etimer35         0     112012012040101100000100100111000011011001001(89)(130)(63)(131)(77)(148)(68)0(153)(150)(77)0(187)0(68)(88)
  1486   262.000000      1.000000     263.000000   Etimer45         0     112012012040101100000100100111000011011001001(89)(131)(63)(131)(77)(148)(68)0(153)(150)(77)0(187)0(68)(88)
  1487   262.000000      1.000000     263.000000   Etimer38         0     112012012040101100000100100111000011011001001(89)(131)(63)(131)(77)(148)(68)0(153)(150)(77)0(187)0(68)(89)
  1488   263.000000      1.000000     264.000000   Etimer36         0     112012012040101100000100100111000011011001001(89)(131)(63)(131)(77)(149)(68)0(153)(150)(77)0(187)0(68)(89)
  1489   263.000000      1.000000     264.000000   Etimer45         0     112012012040101100000100100111000011011001001(89)(131)(64)(131)(77)(149)(68)0(153)(150)(77)0(187)0(68)(89)
  1490   263.000000      1.000000     264.000000   Etimer35         0     112012012040101100000100100111000011011001001(90)(131)(64)(131)(77)(149)(68)0(153)(150)(77)0(187)0(68)(89)
  1491   263.000000      1.000000     264.000000   Etimer42         0     112012012040101100000100100111000011011001001(90)(132)(64)(131)(77)(149)(68)0(153)(150)(77)0(187)0(68)(89)
  1492   263.000000      1.000000     264.000000   Etimer38         0     112012012040101100000100100111000011011001001(90)(132)(64)(131)(77)(149)(68)0(153)(150)(77)0(188)0(68)(89)
  1493   263.000000      1.000000     264.000000   Etimer45         0     112012012040101100000100100111000011011001001(90)(132)(64)(131)(77)(150)(68)0(153)(150)(77)0(188)0(68)(89)
  1494   263.000000      1.000000     264.000000   Etimer39         0     112012012040101100000100100111000011011001001(90)(132)(64)(131)(77)(150)(68)0(153)(150)(77)0(188)0(68)(90)
  1495   264.000000      1.000000     265.000000   Etimer42         0     112012012040101100000100100111000011011001001(90)(132)(64)(131)(77)(150)(68)0(154)(150)(77)0(188)0(68)(90)
  1496   264.000000      1.000000     265.000000   Etimer36         0     112012012040101100000100100111000011011001001(90)(132)(64)(131)(77)(150)(68)0(154)(150)(77)0(189)0(68)(90)
  1497   264.000000      1.000000     265.000000   Etimer38         0     112012012040101100000100100111000011011001001(90)(132)(65)(131)(77)(150)(68)0(154)(150)(77)0(189)0(68)(90)
  1498   264.000000      1.000000     265.000000   Etimer45         0     112012012040101100000100100111000011011001001(90)(132)(65)(131)(77)(151)(68)0(154)(150)(77)0(189)0(68)(90)
  1499   264.000000      1.000000     265.000000   Etimer45         0     112012012040101100000100100111000011011001001(91)(132)(65)(131)(77)(151)(68)0(154)(150)(77)0(189)0(68)(90)
  1500   264.000000      1.000000     265.000000   Etimer39         0     112012012040101100000100100111000011011001001(91)(132)(65)(131)(77)(151)(68)0(154)(150)(77)0(189)0(68)(91)
  1501   264.000000      1.000000     265.000000   Etimer35         0     112012012040101100000100100111000011011001001(91)(132)(65)(131)(77)(151)(68)0(155)(150)(77)0(189)0(68)(91)
  1502   265.000000      1.000000     266.000000   Etimer45         0     112012012040101100000100100111000011011001001(91)(133)(65)(131)(77)(151)(68)0(155)(150)(77)0(189)0(68)(91)
  1503   265.000000      1.000000     266.000000   Etimer39         0     112012012040101100000100100111000011011001001(91)(133)(65)(131)(77)(151)(68)0(155)(150)(77)0(189)0(68)(92)
  1504   265.000000      1.000000     266.000000   Etimer36         0     112012012040101100000100100111000011011001001(91)(133)(65)(131)(77)(151)(68)0(156)(150)(77)0(189)0(68)(92)
  1505   265.000000      1.000000     266.000000   Etimer38         0     112012012040101100000100100111000011011001001(91)(133)(66)(131)(77)(151)(68)0(156)(150)(77)0(189)0(68)(92)
  1506   265.000000      1.000000     266.000000   Etimer42         0     112012012040101100000100100111000011011001001(91)(133)(66)(131)(77)(152)(68)0(156)(150)(77)0(189)0(68)(92)
  1507   265.000000      1.000000     266.000000   Etimer45         0     112012012040101100000100100111000011011001001(91)(133)(66)(131)(77)(152)(68)0(156)(150)(77)0(190)0(68)(92)
  1508   265.000000      1.000000     266.000000   Etimer35         0     112012012040101100000100100111000011011001001(92)(133)(66)(131)(77)(152)(68)0(156)(150)(77)0(190)0(68)(92)
  1509   266.000000      1.000000     267.000000   Etimer39         0     112012012040101100000100100111000011011001001(92)(134)(66)(131)(77)(152)(68)0(156)(150)(77)0(190)0(68)(92)
  1510   266.000000      1.000000     267.000000   Etimer35         0     112012012040101100000100100111000011011001001(92)(134)(66)(131)(77)(152)(68)0(157)(150)(77)0(190)0(68)(92)
  1511   266.000000      1.000000     267.000000   Etimer38         0     112012012040101100000100100111000011011001001(92)(135)(66)(131)(77)(152)(68)0(157)(150)(77)0(190)0(68)(92)
  1512   266.000000      1.000000     267.000000   Etimer42         0     112012012040101100000100100111000011011001001(92)(135)(66)(131)(77)(153)(68)0(157)(150)(77)0(190)0(68)(92)
  1513   266.000000      1.000000     267.000000   Etimer45         0     112012012040101100000100100111000011011001001(92)(135)(66)(131)(77)(153)(68)0(157)(150)(77)0(191)0(68)(92)
  1514   266.000000      1.000000     267.000000   Etimer36         0     112012012040101100000100100111000011011001001(93)(135)(66)(131)(77)(153)(68)0(157)(150)(77)0(191)0(68)(92)
  1515   266.000000      1.000000     267.000000   Etimer45         0     112012012040101100000100100111000011011001001(93)(135)(67)(131)(77)(153)(68)0(157)(150)(77)0(191)0(68)(92)
  1516   199.000000     68.000000     267.000000   T4               0     112012012040101100000100100111000011011001001(93)(135)(67)(131)(77)(153)(68)0(157)(150)(77)0(191)0(68)(93)
  1517   267.000000      1.000000     268.000000   Etimer35         0     112112012040101100000000100111000011111001001(93)(135)(67)(131)(77)(153)(68)0(157)(150)(77)0(191)0(68)(93)
  1518   267.000000      1.000000     268.000000   Etimer37         0     112112012040101100000000100111000011111001001(93)(136)(67)(131)(77)(153)(68)0(157)(150)(77)0(191)0(68)(93)
  1519   267.000000      1.000000     268.000000   Etimer45         0     112112012040101100000000100111000011111001001(93)(136)(67)(132)(77)(153)(68)0(157)(150)(77)0(191)0(68)(93)
  1520   267.000000      1.000000     268.000000   Etimer36         0     112112012040101100000000100111000011111001001(93)(136)(67)(132)(77)(153)(68)0(157)(150)(77)0(191)0(68)(94)
  1521   267.000000      1.000000     268.000000   Etimer38         0     112112012040101100000000100111000011111001001(93)(136)(68)(132)(77)(153)(68)0(157)(150)(77)0(191)0(68)(94)
  1522   267.000000      1.000000     268.000000   Etimer45         0     112112012040101100000000100111000011111001001(93)(136)(68)(132)(77)(154)(68)0(157)(150)(77)0(191)0(68)(94)
  1523   267.000000      1.000000     268.000000   Etimer42         0     112112012040101100000000100111000011111001001(94)(136)(68)(132)(77)(154)(68)0(157)(150)(77)0(191)0(68)(94)
  1524   267.000000      1.000000     268.000000   Etimer39         0     112112012040101100000000100111000011111001001(94)(136)(68)(132)(77)(154)(68)0(157)(150)(77)0(192)0(68)(94)
  1525   268.000000      1.000000     269.000000   Etimer39         0     112112012040101100000000100111000011111001001(94)(136)(68)(132)(77)(154)(68)0(158)(150)(77)0(192)0(68)(94)
  1526   268.000000      1.000000     269.000000   Etimer36         0     112112012040101100000000100111000011111001001(94)(136)(68)(132)(77)(154)(68)0(159)(150)(77)0(192)0(68)(94)
  1527   268.000000      1.000000     269.000000   Etimer45         0     112112012040101100000000100111000011111001001(94)(136)(69)(132)(77)(154)(68)0(159)(150)(77)0(192)0(68)(94)
  1528   268.000000      1.000000     269.000000   Etimer37         0     112112012040101100000000100111000011111001001(94)(136)(69)(132)(77)(154)(68)0(159)(150)(77)0(192)0(68)(95)
  1529   268.000000      1.000000     269.000000   Etimer35         0     112112012040101100000000100111000011111001001(94)(136)(69)(133)(77)(154)(68)0(159)(150)(77)0(192)0(68)(95)
  1530   268.000000      1.000000     269.000000   Etimer42         0     112112012040101100000000100111000011111001001(94)(137)(69)(133)(77)(154)(68)0(159)(150)(77)0(192)0(68)(95)
  1531   268.000000      1.000000     269.000000   Etimer45         0     112112012040101100000000100111000011111001001(94)(137)(69)(133)(77)(154)(68)0(159)(150)(77)0(193)0(68)(95)
  1532   268.000000      1.000000     269.000000   Etimer38         0     112112012040101100000000100111000011111001001(95)(137)(69)(133)(77)(154)(68)0(159)(150)(77)0(193)0(68)(95)
  1533   269.000000      1.000000     270.000000   Etimer45         0     112112012040101100000000100111000011111001001(95)(137)(69)(133)(77)(155)(68)0(159)(150)(77)0(193)0(68)(95)
  1534   269.000000      1.000000     270.000000   Etimer42         0     112112012040101100000000100111000011111001001(95)(137)(69)(133)(77)(155)(68)0(159)(150)(77)0(193)0(68)(96)
  1535   269.000000      1.000000     270.000000   Etimer35         0     112112012040101100000000100111000011111001001(95)(137)(69)(133)(77)(155)(68)0(159)(150)(77)0(194)0(68)(96)
  1536   269.000000      1.000000     270.000000   Etimer37         0     112112012040101100000000100111000011111001001(95)(138)(69)(133)(77)(155)(68)0(159)(150)(77)0(194)0(68)(96)
  1537   269.000000      1.000000     270.000000   Etimer45         0     112112012040101100000000100111000011111001001(95)(138)(69)(134)(77)(155)(68)0(159)(150)(77)0(194)0(68)(96)
  1538   269.000000      1.000000     270.000000   Etimer36         0     112112012040101100000000100111000011111001001(96)(138)(69)(134)(77)(155)(68)0(159)(150)(77)0(194)0(68)(96)
  1539   269.000000      1.000000     270.000000   Etimer39         0     112112012040101100000000100111000011111001001(96)(138)(70)(134)(77)(155)(68)0(159)(150)(77)0(194)0(68)(96)
  1540   269.000000      1.000000     270.000000   Etimer38         0     112112012040101100000000100111000011111001001(96)(138)(70)(134)(77)(155)(68)0(160)(150)(77)0(194)0(68)(96)
  1541   210.000000     60.000000     270.000000   T12              0     112112012040101100000000100111000011111001001(96)(138)(70)(134)(77)(156)(68)0(160)(150)(77)0(194)0(68)(96)
  1542   270.000000      1.000000     271.000000   Etimer36         0     112112012040101110000000100011000011111101001(96)(138)(70)(134)(77)(156)(68)0(160)(150)(77)0(194)0(68)(96)
  1543   270.000000      1.000000     271.000000   Etimer38         0     112112012040101110000000100011000011111101001(96)(138)(71)(134)(77)(156)(68)0(160)(150)(77)0(194)0(68)(96)
  1544   270.000000      1.000000     271.000000   Etimer42         0     112112012040101110000000100011000011111101001(96)(138)(71)(134)(77)(157)(68)0(160)(150)(77)0(194)0(68)(96)
  1545   270.000000      1.000000     271.000000   Etimer45         0     112112012040101110000000100011000011111101001(96)(138)(71)(134)(77)(157)(68)0(160)(150)(77)0(195)0(68)(96)
  1546   270.000000      1.000000     271.000000   Etimer35         0     112112012040101110000000100011000011111101001(97)(138)(71)(134)(77)(157)(68)0(160)(150)(77)0(195)0(68)(96)
  1547   270.000000      1.000000     271.000000   Etimer40         0     112112012040101110000000100011000011111101001(97)(139)(71)(134)(77)(157)(68)0(160)(150)(77)0(195)0(68)(96)
  1548   270.000000      1.000000     271.000000   Etimer45         0     112112012040101110000000100011000011111101001(97)(139)(71)(134)(77)(157)(68)0(160)(151)(77)0(195)0(68)(96)
  1549   270.000000      1.000000     271.000000   Etimer37         0     112112012040101110000000100011000011111101001(97)(139)(71)(134)(77)(157)(68)0(160)(151)(77)0(195)0(68)(97)
  1550   270.000000      1.000000     271.000000   Etimer39         0     112112012040101110000000100011000011111101001(97)(139)(71)(135)(77)(157)(68)0(160)(151)(77)0(195)0(68)(97)
  1551   271.000000      1.000000     272.000000   Etimer38         0     112112012040101110000000100011000011111101001(97)(139)(71)(135)(77)(157)(68)0(161)(151)(77)0(195)0(68)(97)
  1552   271.000000      1.000000     272.000000   Etimer39         0     112112012040101110000000100011000011111101001(97)(139)(71)(135)(77)(158)(68)0(161)(151)(77)0(195)0(68)(97)
  1553   271.000000      1.000000     272.000000   Etimer42         0     112112012040101110000000100011000011111101001(97)(139)(71)(135)(77)(158)(68)0(162)(151)(77)0(195)0(68)(97)
  1554   271.000000      1.000000     272.000000   Etimer45         0     112112012040101110000000100011000011111101001(97)(139)(71)(135)(77)(158)(68)0(162)(151)(77)0(196)0(68)(97)
  1555   271.000000      1.000000     272.000000   Etimer35         0     112112012040101110000000100011000011111101001(98)(139)(71)(135)(77)(158)(68)0(162)(151)(77)0(196)0(68)(97)
  1556   271.000000      1.000000     272.000000   Etimer36         0     112112012040101110000000100011000011111101001(98)(140)(71)(135)(77)(158)(68)0(162)(151)(77)0(196)0(68)(97)
  1557   271.000000      1.000000     272.000000   Etimer45         0     112112012040101110000000100011000011111101001(98)(140)(72)(135)(77)(158)(68)0(162)(151)(77)0(196)0(68)(97)
  1558   271.000000      1.000000     272.000000   Etimer40         0     112112012040101110000000100011000011111101001(98)(140)(72)(135)(77)(158)(68)0(162)(151)(77)0(196)0(68)(98)
  1559   271.000000      1.000000     272.000000   Etimer37         0     112112012040101110000000100011000011111101001(98)(140)(72)(135)(77)(158)(68)0(162)(152)(77)0(196)0(68)(98)
  1560   272.000000      1.000000     273.000000   Etimer42         0     112112012040101110000000100011000011111101001(98)(140)(72)(136)(77)(158)(68)0(162)(152)(77)0(196)0(68)(98)
  1561   272.000000      1.000000     273.000000   Etimer36         0     112112012040101110000000100011000011111101001(98)(140)(72)(136)(77)(158)(68)0(162)(152)(77)0(197)0(68)(98)
  1562   272.000000      1.000000     273.000000   Etimer45         0     112112012040101110000000100011000011111101001(98)(140)(73)(136)(77)(158)(68)0(162)(152)(77)0(197)0(68)(98)
  1563   272.000000      1.000000     273.000000   Etimer37         0     112112012040101110000000100011000011111101001(98)(140)(73)(136)(77)(158)(68)0(162)(152)(77)0(197)0(68)(99)
  1564   272.000000      1.000000     273.000000   Etimer39         0     112112012040101110000000100011000011111101001(98)(140)(73)(137)(77)(158)(68)0(162)(152)(77)0(197)0(68)(99)
  1565   272.000000      1.000000     273.000000   Etimer38         0     112112012040101110000000100011000011111101001(98)(140)(73)(137)(77)(158)(68)0(163)(152)(77)0(197)0(68)(99)
  1566   272.000000      1.000000     273.000000   Etimer40         0     112112012040101110000000100011000011111101001(98)(140)(73)(137)(77)(159)(68)0(163)(152)(77)0(197)0(68)(99)
  1567   272.000000      1.000000     273.000000   Etimer35         0     112112012040101110000000100011000011111101001(98)(140)(73)(137)(77)(159)(68)0(163)(153)(77)0(197)0(68)(99)
  1568   272.000000      1.000000     273.000000   Etimer45         0     112112012040101110000000100011000011111101001(98)(141)(73)(137)(77)(159)(68)0(163)(153)(77)0(197)0(68)(99)
  1569   273.000000      1.000000     274.000000   Etimer36         0     112112012040101110000000100011000011111101001(99)(141)(73)(137)(77)(159)(68)0(163)(153)(77)0(197)0(68)(99)
  1570   273.000000      1.000000     274.000000   Etimer37         0     112112012040101110000000100011000011111101001(99)(141)(74)(137)(77)(159)(68)0(163)(153)(77)0(197)0(68)(99)
  1571   273.000000      1.000000     274.000000   Etimer45         0     112112012040101110000000100011000011111101001(99)(141)(74)(138)(77)(159)(68)0(163)(153)(77)0(197)0(68)(99)
  1572   273.000000      1.000000     274.000000   Etimer45         0     112112012040101110000000100011000011111101001(99)(141)(74)(138)(77)(159)(68)0(163)(153)(77)0(197)0(68)(100)
  1573   273.000000      1.000000     274.000000   Etimer38         0     112112012040101110000000100011000011111101001(100)(141)(74)(138)(77)(159)(68)0(163)(153)(77)0(197)0(68)(100)
  1574   273.000000      1.000000     274.000000   Etimer35         0     112112012040101110000000100011000011111101001(100)(141)(74)(138)(77)(160)(68)0(163)(153)(77)0(197)0(68)(100)
  1575   273.000000      1.000000     274.000000   Etimer40         0     112112012040101110000000100011000011111101001(100)(142)(74)(138)(77)(160)(68)0(163)(153)(77)0(197)0(68)(100)
  1576   273.000000      1.000000     274.000000   Etimer39         0     112112012040101110000000100011000011111101001(100)(142)(74)(138)(77)(160)(68)0(163)(154)(77)0(197)0(68)(100)
  1577   273.000000      1.000000     274.000000   Etimer42         0     112112012040101110000000100011000011111101001(100)(142)(74)(138)(77)(160)(68)0(164)(154)(77)0(197)0(68)(100)
  1578   274.000000      1.000000     275.000000   Etimer37         0     112112012040101110000000100011000011111101001(100)(142)(74)(138)(77)(160)(68)0(164)(154)(77)0(198)0(68)(100)
  1579   274.000000      1.000000     275.000000   Etimer35         0     112112012040101110000000100011000011111101001(100)(142)(74)(139)(77)(160)(68)0(164)(154)(77)0(198)0(68)(100)
  1580   274.000000      1.000000     275.000000   Etimer39         0     112112012040101110000000100011000011111101001(100)(143)(74)(139)(77)(160)(68)0(164)(154)(77)0(198)0(68)(100)
  1581   274.000000      1.000000     275.000000   Etimer40         0     112112012040101110000000100011000011111101001(100)(143)(74)(139)(77)(160)(68)0(165)(154)(77)0(198)0(68)(100)
  1582   274.000000      1.000000     275.000000   Etimer42         0     112112012040101110000000100011000011111101001(100)(143)(74)(139)(77)(160)(68)0(165)(155)(77)0(198)0(68)(100)
  1583   274.000000      1.000000     275.000000   Etimer45         0     112112012040101110000000100011000011111101001(100)(143)(74)(139)(77)(160)(68)0(165)(155)(77)0(199)0(68)(100)
  1584   274.000000      1.000000     275.000000   Etimer38         0     112112012040101110000000100011000011111101001(101)(143)(74)(139)(77)(160)(68)0(165)(155)(77)0(199)0(68)(100)
  1585   274.000000      1.000000     275.000000   Etimer36         0     112112012040101110000000100011000011111101001(101)(143)(74)(139)(77)(161)(68)0(165)(155)(77)0(199)0(68)(100)
  1586   274.000000      1.000000     275.000000   Etimer45         0     112112012040101110000000100011000011111101001(101)(143)(75)(139)(77)(161)(68)0(165)(155)(77)0(199)0(68)(100)
  1587   275.000000      1.000000     276.000000   Etimer36         0     112112012040101110000000100011000011111101001(101)(143)(75)(139)(77)(161)(68)0(165)(155)(77)0(199)0(68)(101)
  1588   275.000000      1.000000     276.000000   Etimer39         0     112112012040101110000000100011000011111101001(101)(143)(76)(139)(77)(161)(68)0(165)(155)(77)0(199)0(68)(101)
  1589   275.000000      1.000000     276.000000   Etimer35         0     112112012040101110000000100011000011111101001(101)(143)(76)(139)(77)(161)(68)0(166)(155)(77)0(199)0(68)(101)
  1590   275.000000      1.000000     276.000000   Etimer37         0     112112012040101110000000100011000011111101001(101)(144)(76)(139)(77)(161)(68)0(166)(155)(77)0(199)0(68)(101)
  1591   275.000000      1.000000     276.000000   Etimer45         0     112112012040101110000000100011000011111101001(101)(144)(76)(140)(77)(161)(68)0(166)(155)(77)0(199)0(68)(101)
  1592   275.000000      1.000000     276.000000   Etimer42         0     112112012040101110000000100011000011111101001(101)(144)(76)(140)(77)(161)(68)0(166)(155)(77)0(199)0(68)(102)
  1593   275.000000      1.000000     276.000000   Etimer38         0     112112012040101110000000100011000011111101001(101)(144)(76)(140)(77)(161)(68)0(166)(155)(77)0(200)0(68)(102)
  1594   275.000000      1.000000     276.000000   Etimer45         0     112112012040101110000000100011000011111101001(101)(144)(76)(140)(77)(162)(68)0(166)(155)(77)0(200)0(68)(102)
  1595   275.000000      1.000000     276.000000   Etimer40         0     112112012040101110000000100011000011111101001(102)(144)(76)(140)(77)(162)(68)0(166)(155)(77)0(200)0(68)(102)
  1596   276.000000      1.000000     277.000000   Etimer40         0     112112012040101110000000100011000011111101001(102)(144)(76)(140)(77)(162)(68)0(166)(156)(77)0(200)0(68)(102)
  1597   276.000000      1.000000     277.000000   Etimer35         0     112112012040101110000000100011000011111101001(102)(144)(76)(140)(77)(162)(68)0(166)(157)(77)0(200)0(68)(102)
  1598   276.000000      1.000000     277.000000   Etimer45         0     112112012040101110000000100011000011111101001(102)(145)(76)(140)(77)(162)(68)0(166)(157)(77)0(200)0(68)(102)
  1599   276.000000      1.000000     277.000000   Etimer37         0     112112012040101110000000100011000011111101001(102)(145)(76)(140)(77)(162)(68)0(166)(157)(77)0(200)0(68)(103)
  1600   276.000000      1.000000     277.000000   Etimer39         0     112112012040101110000000100011000011111101001(102)(145)(76)(141)(77)(162)(68)0(166)(157)(77)0(200)0(68)(103)
  1601   276.000000      1.000000     277.000000   Etimer38         0     112112012040101110000000100011000011111101001(102)(145)(76)(141)(77)(162)(68)0(167)(157)(77)0(200)0(68)(103)
  1602   276.000000      1.000000     277.000000   Etimer42         0     112112012040101110000000100011000011111101001(102)(145)(76)(141)(77)(163)(68)0(167)(157)(77)0(200)0(68)(103)
  1603   276.000000      1.000000     277.000000   Etimer45         0     112112012040101110000000100011000011111101001(102)(145)(76)(141)(77)(163)(68)0(167)(157)(77)0(201)0(68)(103)
  1604   276.000000      1.000000     277.000000   Etimer36         0     112112012040101110000000100011000011111101001(103)(145)(76)(141)(77)(163)(68)0(167)(157)(77)0(201)0(68)(103)
  1605   277.000000      1.000000     278.000000   Etimer40         0     112112012040101110000000100011000011111101001(103)(145)(77)(141)(77)(163)(68)0(167)(157)(77)0(201)0(68)(103)
  1606   277.000000      1.000000     278.000000   Etimer45         0     112112012040101110000000100011000011111101001(103)(145)(77)(141)(77)(163)(68)0(167)(158)(77)0(201)0(68)(103)
  1607   277.000000      1.000000     278.000000   Etimer37         0     112112012040101110000000100011000011111101001(103)(145)(77)(141)(77)(163)(68)0(167)(158)(77)0(201)0(68)(104)
  1608   277.000000      1.000000     278.000000   Etimer39         0     112112012040101110000000100011000011111101001(103)(145)(77)(142)(77)(163)(68)0(167)(158)(77)0(201)0(68)(104)
  1609   277.000000      1.000000     278.000000   Etimer45         0     112112012040101110000000100011000011111101001(103)(145)(77)(142)(77)(163)(68)0(168)(158)(77)0(201)0(68)(104)
  1610   277.000000      1.000000     278.000000   Etimer35         0     112112012040101110000000100011000011111101001(104)(145)(77)(142)(77)(163)(68)0(168)(158)(77)0(201)0(68)(104)
  1611   277.000000      1.000000     278.000000   Etimer38         0     112112012040101110000000100011000011111101001(104)(146)(77)(142)(77)(163)(68)0(168)(158)(77)0(201)0(68)(104)
  1612   277.000000      1.000000     278.000000   Etimer36         0     112112012040101110000000100011000011111101001(104)(146)(77)(142)(77)(164)(68)0(168)(158)(77)0(201)0(68)(104)
  1613   277.000000      1.000000     278.000000   Etimer42         0     112112012040101110000000100011000011111101001(104)(146)(78)(142)(77)(164)(68)0(168)(158)(77)0(201)0(68)(104)
  1614   278.000000      1.000000     279.000000   Etimer37         0     112112012040101110000000100011000011111101001(104)(146)(78)(142)(77)(164)(68)0(168)(158)(77)0(202)0(68)(104)
  1615   278.000000      1.000000     279.000000   Etimer45         0     112112012040101110000000100011000011111101001(104)(146)(78)(143)(77)(164)(68)0(168)(158)(77)0(202)0(68)(104)
  1616   278.000000      1.000000     279.000000   Etimer40         0     112112012040101110000000100011000011111101001(104)(146)(78)(143)(77)(164)(68)0(168)(158)(77)0(202)0(68)(105)
  1617   278.000000      1.000000     279.000000   Etimer38         0     112112012040101110000000100011000011111101001(104)(146)(78)(143)(77)(164)(68)0(168)(159)(77)0(202)0(68)(105)
  1618   278.000000      1.000000     279.000000   Etimer42         0     112112012040101110000000100011000011111101001(104)(146)(78)(143)(77)(165)(68)0(168)(159)(77)0(202)0(68)(105)
  1619   278.000000      1.000000     279.000000   Etimer45         0     112112012040101110000000100011000011111101001(104)(146)(78)(143)(77)(165)(68)0(168)(159)(77)0(203)0(68)(105)
  1620   278.000000      1.000000     279.000000   Etimer36         0     112112012040101110000000100011000011111101001(105)(146)(78)(143)(77)(165)(68)0(168)(159)(77)0(203)0(68)(105)
  1621   278.000000      1.000000     279.000000   Etimer35         0     112112012040101110000000100011000011111101001(105)(146)(79)(143)(77)(165)(68)0(168)(159)(77)0(203)0(68)(105)
  1622   278.000000      1.000000     279.000000   Etimer39         0     112112012040101110000000100011000011111101001(105)(147)(79)(143)(77)(165)(68)0(168)(159)(77)0(203)0(68)(105)
  1623   279.000000      1.000000     280.000000   Etimer40         0     112112012040101110000000100011000011111101001(105)(147)(79)(143)(77)(165)(68)0(169)(159)(77)0(203)0(68)(105)
  1624   279.000000      1.000000     280.000000   Etimer37         0     112112012040101110000000100011000011111101001(105)(147)(79)(143)(77)(165)(68)0(169)(160)(77)0(203)0(68)(105)
  1625   279.000000      1.000000     280.000000   Etimer38         0     112112012040101110000000100011000011111101001(105)(147)(79)(144)(77)(165)(68)0(169)(160)(77)0(203)0(68)(105)
  1626   279.000000      1.000000     280.000000   Etimer42         0     112112012040101110000000100011000011111101001(105)(147)(79)(144)(77)(166)(68)0(169)(160)(77)0(203)0(68)(105)
  1627   279.000000      1.000000     280.000000   Etimer45         0     112112012040101110000000100011000011111101001(105)(147)(79)(144)(77)(166)(68)0(169)(160)(77)0(204)0(68)(105)
  1628   279.000000      1.000000     280.000000   Etimer39         0     112112012040101110000000100011000011111101001(106)(147)(79)(144)(77)(166)(68)0(169)(160)(77)0(204)0(68)(105)
  1629   279.000000      1.000000     280.000000   Etimer36         0     112112012040101110000000100011000011111101001(106)(147)(79)(144)(77)(166)(68)0(170)(160)(77)0(204)0(68)(105)
  1630   279.000000      1.000000     280.000000   Etimer45         0     112112012040101110000000100011000011111101001(106)(147)(80)(144)(77)(166)(68)0(170)(160)(77)0(204)0(68)(105)
  1631   279.000000      1.000000     280.000000   Etimer35         0     112112012040101110000000100011000011111101001(106)(147)(80)(144)(77)(166)(68)0(170)(160)(77)0(204)0(68)(106)
  1632   280.000000      1.000000     281.000000   Etimer40         0     112112012040101110000000100011000011111101001(106)(148)(80)(144)(77)(166)(68)0(170)(160)(77)0(204)0(68)(106)
  1633   280.000000      1.000000     281.000000   Etimer38         0     112112012040101110000000100011000011111101001(106)(148)(80)(144)(77)(166)(68)0(170)(161)(77)0(204)0(68)(106)
  1634   280.000000      1.000000     281.000000   Etimer45         0     112112012040101110000000100011000011111101001(106)(148)(80)(144)(77)(167)(68)0(170)(161)(77)0(204)0(68)(106)
  1635   280.000000      1.000000     281.000000   Etimer37         0     112112012040101110000000100011000011111101001(106)(148)(80)(144)(77)(167)(68)0(170)(161)(77)0(204)0(68)(107)
  1636   280.000000      1.000000     281.000000   Etimer36         0     112112012040101110000000100011000011111101001(106)(148)(80)(145)(77)(167)(68)0(170)(161)(77)0(204)0(68)(107)
  1637   280.000000      1.000000     281.000000   Etimer39         0     112112012040101110000000100011000011111101001(106)(148)(81)(145)(77)(167)(68)0(170)(161)(77)0(204)0(68)(107)
  1638   280.000000      1.000000     281.000000   Etimer35         0     112112012040101110000000100011000011111101001(106)(148)(81)(145)(77)(167)(68)0(171)(161)(77)0(204)0(68)(107)
  1639   280.000000      1.000000     281.000000   Etimer42         0     112112012040101110000000100011000011111101001(106)(149)(81)(145)(77)(167)(68)0(171)(161)(77)0(204)0(68)(107)
  1640   280.000000      1.000000     281.000000   Etimer45         0     112112012040101110000000100011000011111101001(106)(149)(81)(145)(77)(167)(68)0(171)(161)(77)0(205)0(68)(107)
  1641   281.000000      1.000000     282.000000   Etimer42         0     112112012040101110000000100011000011111101001(107)(149)(81)(145)(77)(167)(68)0(171)(161)(77)0(205)0(68)(107)
  1642   281.000000      1.000000     282.000000   Etimer45         0     112112012040101110000000100011000011111101001(107)(149)(81)(145)(77)(167)(68)0(171)(161)(77)0(206)0(68)(107)
  1643   281.000000      1.000000     282.000000   Etimer39         0     112112012040101110000000100011000011111101001(108)(149)(81)(145)(77)(167)(68)0(171)(161)(77)0(206)0(68)(107)
  1644   281.000000      1.000000     282.000000   Etimer45         0     112112012040101110000000100011000011111101001(108)(149)(81)(145)(77)(167)(68)0(172)(161)(77)0(206)0(68)(107)
  1645   281.000000      1.000000     282.000000   Etimer35         0     112112012040101110000000100011000011111101001(108)(149)(81)(145)(77)(167)(68)0(172)(161)(77)0(206)0(68)(108)
  1646   281.000000      1.000000     282.000000   Etimer38         0     112112012040101110000000100011000011111101001(108)(150)(81)(145)(77)(167)(68)0(172)(161)(77)0(206)0(68)(108)
  1647   281.000000      1.000000     282.000000   Etimer37         0     112112012040101110000000100011000011111101001(108)(150)(81)(145)(77)(168)(68)0(172)(161)(77)0(206)0(68)(108)
  1648   281.000000      1.000000     282.000000   Etimer40         0     112112012040101110000000100011000011111101001(108)(150)(81)(146)(77)(168)(68)0(172)(161)(77)0(206)0(68)(108)
  1649   281.000000      1.000000     282.000000   Etimer36         0     112112012040101110000000100011000011111101001(108)(150)(81)(146)(77)(168)(68)0(172)(162)(77)0(206)0(68)(108)
  1650   282.000000      1.000000     283.000000   Etimer36         0     112112012040101110000000100011000011111101001(108)(150)(82)(146)(77)(168)(68)0(172)(162)(77)0(206)0(68)(108)
  1651   282.000000      1.000000     283.000000   Etimer38         0     112112012040101110000000100011000011111101001(108)(150)(83)(146)(77)(168)(68)0(172)(162)(77)0(206)0(68)(108)
  1652   282.000000      1.000000     283.000000   Etimer45         0     112112012040101110000000100011000011111101001(108)(150)(83)(146)(77)(169)(68)0(172)(162)(77)0(206)0(68)(108)
  1653   282.000000      1.000000     283.000000   Etimer37         0     112112012040101110000000100011000011111101001(108)(150)(83)(146)(77)(169)(68)0(172)(162)(77)0(206)0(68)(109)
  1654   282.000000      1.000000     283.000000   Etimer42         0     112112012040101110000000100011000011111101001(108)(150)(83)(147)(77)(169)(68)0(172)(162)(77)0(206)0(68)(109)
  1655   282.000000      1.000000     283.000000   Etimer39         0     112112012040101110000000100011000011111101001(108)(150)(83)(147)(77)(169)(68)0(172)(162)(77)0(207)0(68)(109)
  1656   282.000000      1.000000     283.000000   Etimer35         0     112112012040101110000000100011000011111101001(108)(150)(83)(147)(77)(169)(68)0(173)(162)(77)0(207)0(68)(109)
  1657   282.000000      1.000000     283.000000   Etimer45         0     112112012040101110000000100011000011111101001(108)(151)(83)(147)(77)(169)(68)0(173)(162)(77)0(207)0(68)(109)
  1658   282.000000      1.000000     283.000000   Etimer40         0     112112012040101110000000100011000011111101001(109)(151)(83)(147)(77)(169)(68)0(173)(162)(77)0(207)0(68)(109)
  1659   283.000000      1.000000     284.000000   Etimer39         0     112112012040101110000000100011000011111101001(109)(151)(83)(147)(77)(169)(68)0(173)(163)(77)0(207)0(68)(109)
  1660   283.000000      1.000000     284.000000   Etimer35         0     112112012040101110000000100011000011111101001(109)(151)(83)(147)(77)(169)(68)0(174)(163)(77)0(207)0(68)(109)
  1661   283.000000      1.000000     284.000000   Etimer42         0     112112012040101110000000100011000011111101001(109)(152)(83)(147)(77)(169)(68)0(174)(163)(77)0(207)0(68)(109)
  1662   283.000000      1.000000     284.000000   Etimer45         0     112112012040101110000000100011000011111101001(109)(152)(83)(147)(77)(169)(68)0(174)(163)(77)0(208)0(68)(109)
  1663   283.000000      1.000000     284.000000   Etimer45         0     112112012040101110000000100011000011111101001(110)(152)(83)(147)(77)(169)(68)0(174)(163)(77)0(208)0(68)(109)
  1664   283.000000      1.000000     284.000000   Etimer40         0     112112012040101110000000100011000011111101001(110)(152)(83)(147)(77)(169)(68)0(174)(163)(77)0(208)0(68)(110)
  1665   283.000000      1.000000     284.000000   Etimer36         0     112112012040101110000000100011000011111101001(110)(152)(83)(147)(77)(169)(68)0(174)(164)(77)0(208)0(68)(110)
  1666   283.000000      1.000000     284.000000   Etimer38         0     112112012040101110000000100011000011111101001(110)(152)(84)(147)(77)(169)(68)0(174)(164)(77)0(208)0(68)(110)
  1667   283.000000      1.000000     284.000000   Etimer37         0     112112012040101110000000100011000011111101001(110)(152)(84)(147)(77)(170)(68)0(174)(164)(77)0(208)0(68)(110)
  1668   284.000000      1.000000     285.000000   Etimer36         0     112112012040101110000000100011000011111101001(110)(152)(84)(148)(77)(170)(68)0(174)(164)(77)0(208)0(68)(110)
  1669   284.000000      1.000000     285.000000   Etimer38         0     112112012040101110000000100011000011111101001(110)(152)(85)(148)(77)(170)(68)0(174)(164)(77)0(208)0(68)(110)
  1670   284.000000      1.000000     285.000000   Etimer39         0     112112012040101110000000100011000011111101001(110)(152)(85)(148)(77)(171)(68)0(174)(164)(77)0(208)0(68)(110)
  1671   284.000000      1.000000     285.000000   Etimer45         0     112112012040101110000000100011000011111101001(110)(152)(85)(148)(77)(171)(68)0(175)(164)(77)0(208)0(68)(110)
  1672   284.000000      1.000000     285.000000   Etimer40         0     112112012040101110000000100011000011111101001(111)(152)(85)(148)(77)(171)(68)0(175)(164)(77)0(208)0(68)(110)
  1673   284.000000      1.000000     285.000000   Etimer45         0     112112012040101110000000100011000011111101001(111)(152)(85)(148)(77)(171)(68)0(175)(165)(77)0(208)0(68)(110)
  1674   284.000000      1.000000     285.000000   Etimer37         0     112112012040101110000000100011000011111101001(111)(152)(85)(148)(77)(171)(68)0(175)(165)(77)0(208)0(68)(111)
  1675   284.000000      1.000000     285.000000   Etimer42         0     112112012040101110000000100011000011111101001(111)(152)(85)(149)(77)(171)(68)0(175)(165)(77)0(208)0(68)(111)
  1676   284.000000      1.000000     285.000000   Etimer35         0     112112012040101110000000100011000011111101001(111)(152)(85)(149)(77)(171)(68)0(175)(165)(77)0(209)0(68)(111)
  1677   285.000000      1.000000     286.000000   Etimer40         0     112112012040101110000000100011000011111101001(111)(153)(85)(149)(77)(171)(68)0(175)(165)(77)0(209)0(68)(111)
  1678   285.000000      1.000000     286.000000   Etimer36         0     112112012040101110000000100011000011111101001(111)(153)(85)(149)(77)(171)(68)0(175)(166)(77)0(209)0(68)(111)
  1679   285.000000      1.000000     286.000000   Etimer39         0     112112012040101110000000100011000011111101001(111)(153)(86)(149)(77)(171)(68)0(175)(166)(77)0(209)0(68)(111)
  1680   285.000000      1.000000     286.000000   Etimer45         0     112112012040101110000000100011000011111101001(111)(153)(86)(149)(77)(171)(68)0(176)(166)(77)0(209)0(68)(111)
  1681   285.000000      1.000000     286.000000   Etimer37         0     112112012040101110000000100011000011111101001(112)(153)(86)(149)(77)(171)(68)0(176)(166)(77)0(209)0(68)(111)
  1682   285.000000      1.000000     286.000000   Etimer38         0     112112012040101110000000100011000011111101001(112)(153)(86)(150)(77)(171)(68)0(176)(166)(77)0(209)0(68)(111)
  1683   285.000000      1.000000     286.000000   Etimer35         0     112112012040101110000000100011000011111101001(112)(153)(86)(150)(77)(172)(68)0(176)(166)(77)0(209)0(68)(111)
  1684   285.000000      1.000000     286.000000   Etimer45         0     112112012040101110000000100011000011111101001(112)(154)(86)(150)(77)(172)(68)0(176)(166)(77)0(209)0(68)(111)
  1685   285.000000      1.000000     286.000000   Etimer42         0     112112012040101110000000100011000011111101001(112)(154)(86)(150)(77)(172)(68)0(176)(166)(77)0(209)0(68)(112)
  1686   210.000000     76.000000     286.000000   T7               0     112112012040101110000000100011000011111101001(112)(154)(86)(150)(77)(172)(68)0(176)(166)(77)0(210)0(68)(112)
  1687   286.000000      1.000000     287.000000   Etimer45         0     112112112040101110000000000011000011111101011(112)(154)(86)(150)(77)(172)(68)0(176)(166)(77)0(210)0(68)(112)
  1688   286.000000      1.000000     287.000000   Etimer44         0     112112112040101110000000000011000011111101011(112)(154)(86)(150)(77)(172)(68)0(176)(166)(77)0(210)0(68)(113)
  1689   286.000000      1.000000     287.000000   Etimer42         0     112112112040101110000000000011000011111101011(112)(154)(86)(150)(77)(172)(68)0(176)(166)(77)0(210)0(69)(113)
  1690   286.000000      1.000000     287.000000   Etimer44         0     112112112040101110000000000011000011111101011(112)(154)(86)(150)(77)(172)(68)0(176)(166)(77)0(211)0(69)(113)
  1691   286.000000      1.000000     287.000000   Etimer39         0     112112112040101110000000000011000011111101011(112)(154)(86)(150)(77)(172)(69)0(176)(166)(77)0(211)0(69)(113)
  1692   286.000000      1.000000     287.000000   Etimer37         0     112112112040101110000000000011000011111101011(112)(154)(86)(150)(77)(172)(69)0(177)(166)(77)0(211)0(69)(113)
  1693   286.000000      1.000000     287.000000   Etimer40         0     112112112040101110000000000011000011111101011(112)(154)(86)(151)(77)(172)(69)0(177)(166)(77)0(211)0(69)(113)
  1694   286.000000      1.000000     287.000000   Etimer35         0     112112112040101110000000000011000011111101011(112)(154)(86)(151)(77)(172)(69)0(177)(167)(77)0(211)0(69)(113)
  1695   286.000000      1.000000     287.000000   Etimer36         0     112112112040101110000000000011000011111101011(112)(155)(86)(151)(77)(172)(69)0(177)(167)(77)0(211)0(69)(113)
  1696   286.000000      1.000000     287.000000   Etimer38         0     112112112040101110000000000011000011111101011(112)(155)(87)(151)(77)(172)(69)0(177)(167)(77)0(211)0(69)(113)
  1697   286.000000      1.000000     287.000000   Etimer45         0     112112112040101110000000000011000011111101011(112)(155)(87)(151)(77)(173)(69)0(177)(167)(77)0(211)0(69)(113)
  1698   287.000000      1.000000     288.000000   Etimer36         0     112112112040101110000000000011000011111101011(113)(155)(87)(151)(77)(173)(69)0(177)(167)(77)0(211)0(69)(113)
  1699   287.000000      1.000000     288.000000   Etimer44         0     112112112040101110000000000011000011111101011(113)(155)(88)(151)(77)(173)(69)0(177)(167)(77)0(211)0(69)(113)
  1700   287.000000      1.000000     288.000000   Etimer45         0     112112112040101110000000000011000011111101011(113)(155)(88)(151)(77)(173)(69)0(177)(167)(77)0(211)0(70)(113)
  1701   287.000000      1.000000     288.000000   Etimer39         0     112112112040101110000000000011000011111101011(114)(155)(88)(151)(77)(173)(69)0(177)(167)(77)0(211)0(70)(113)
  1702   287.000000      1.000000     288.000000   Etimer40         0     112112112040101110000000000011000011111101011(114)(155)(88)(151)(77)(173)(69)0(178)(167)(77)0(211)0(70)(113)
  1703   287.000000      1.000000     288.000000   Etimer37         0     112112112040101110000000000011000011111101011(114)(155)(88)(151)(77)(173)(69)0(178)(168)(77)0(211)0(70)(113)
  1704   287.000000      1.000000     288.000000   Etimer45         0     112112112040101110000000000011000011111101011(114)(155)(88)(152)(77)(173)(69)0(178)(168)(77)0(211)0(70)(113)
  1705   287.000000      1.000000     288.000000   Etimer38         0     112112112040101110000000000011000011111101011(114)(155)(88)(152)(77)(173)(69)0(178)(168)(77)0(211)0(70)(114)
  1706   287.000000      1.000000     288.000000   Etimer42         0     112112112040101110000000000011000011111101011(114)(155)(88)(152)(77)(174)(69)0(178)(168)(77)0(211)0(70)(114)
  1707   287.000000      1.000000     288.000000   Etimer44         0     112112112040101110000000000011000011111101011(114)(155)(88)(152)(77)(174)(69)0(178)(168)(77)0(212)0(70)(114)
  1708   287.000000      1.000000     288.000000   Etimer35         0     112112112040101110000000000011000011111101011(114)(155)(88)(152)(77)(174)(70)0(178)(168)(77)0(212)0(70)(114)
  1709   288.000000      1.000000     289.000000   Etimer39         0     112112112040101110000000000011000011111101011(114)(156)(88)(152)(77)(174)(70)0(178)(168)(77)0(212)0(70)(114)
  1710   288.000000      1.000000     289.000000   Etimer44         0     112112112040101110000000000011000011111101011(114)(156)(88)(152)(77)(174)(70)0(179)(168)(77)0(212)0(70)(114)
  1711   288.000000      1.000000     289.000000   Etimer38         0     112112112040101110000000000011000011111101011(114)(156)(88)(152)(77)(174)(71)0(179)(168)(77)0(212)0(70)(114)
  1712   288.000000      1.000000     289.000000   Etimer42         0     112112112040101110000000000011000011111101011(114)(156)(88)(152)(77)(175)(71)0(179)(168)(77)0(212)0(70)(114)
  1713   288.000000      1.000000     289.000000   Etimer45         0     112112112040101110000000000011000011111101011(114)(156)(88)(152)(77)(175)(71)0(179)(168)(77)0(213)0(70)(114)
  1714   288.000000      1.000000     289.000000   Etimer35         0     112112112040101110000000000011000011111101011(115)(156)(88)(152)(77)(175)(71)0(179)(168)(77)0(213)0(70)(114)
  1715   288.000000      1.000000     289.000000   Etimer45         0     112112112040101110000000000011000011111101011(115)(157)(88)(152)(77)(175)(71)0(179)(168)(77)0(213)0(70)(114)
  1716   288.000000      1.000000     289.000000   Etimer37         0     112112112040101110000000000011000011111101011(115)(157)(88)(152)(77)(175)(71)0(179)(168)(77)0(213)0(70)(115)
  1717   288.000000      1.000000     289.000000   Etimer36         0     112112112040101110000000000011000011111101011(115)(157)(88)(153)(77)(175)(71)0(179)(168)(77)0(213)0(70)(115)
  1718   288.000000      1.000000     289.000000   Etimer44         0     112112112040101110000000000011000011111101011(115)(157)(89)(153)(77)(175)(71)0(179)(168)(77)0(213)0(70)(115)
  1719   288.000000      1.000000     289.000000   Etimer40         0     112112112040101110000000000011000011111101011(115)(157)(89)(153)(77)(175)(71)0(179)(168)(77)0(213)0(71)(115)
  1720   289.000000      1.000000     290.000000   Etimer40         0     112112112040101110000000000011000011111101011(115)(157)(89)(153)(77)(175)(71)0(179)(169)(77)0(213)0(71)(115)
  1721   289.000000      1.000000     290.000000   Etimer44         0     112112112040101110000000000011000011111101011(115)(157)(89)(153)(77)(175)(71)0(179)(170)(77)0(213)0(71)(115)
  1722   289.000000      1.000000     290.000000   Etimer45         0     112112112040101110000000000011000011111101011(115)(157)(89)(153)(77)(175)(72)0(179)(170)(77)0(213)0(71)(115)
  1723   289.000000      1.000000     290.000000   Etimer37         0     112112112040101110000000000011000011111101011(115)(157)(89)(153)(77)(175)(72)0(179)(170)(77)0(213)0(71)(116)
  1724   289.000000      1.000000     290.000000   Etimer38         0     112112112040101110000000000011000011111101011(115)(157)(89)(154)(77)(175)(72)0(179)(170)(77)0(213)0(71)(116)
  1725   289.000000      1.000000     290.000000   Etimer44         0     112112112040101110000000000011000011111101011(115)(157)(89)(154)(77)(176)(72)0(179)(170)(77)0(213)0(71)(116)
  1726   289.000000      1.000000     290.000000   Etimer36         0     112112112040101110000000000011000011111101011(115)(157)(89)(154)(77)(176)(72)0(179)(170)(77)0(213)0(72)(116)
  1727   289.000000      1.000000     290.000000   Etimer42         0     112112112040101110000000000011000011111101011(115)(157)(90)(154)(77)(176)(72)0(179)(170)(77)0(213)0(72)(116)
  1728   289.000000      1.000000     290.000000   Etimer45         0     112112112040101110000000000011000011111101011(115)(157)(90)(154)(77)(176)(72)0(179)(170)(77)0(214)0(72)(116)
  1729   289.000000      1.000000     290.000000   Etimer35         0     112112112040101110000000000011000011111101011(116)(157)(90)(154)(77)(176)(72)0(179)(170)(77)0(214)0(72)(116)
  1730   289.000000      1.000000     290.000000   Etimer39         0     112112112040101110000000000011000011111101011(116)(158)(90)(154)(77)(176)(72)0(179)(170)(77)0(214)0(72)(116)
  1731   290.000000      1.000000     291.000000   Etimer40         0     112112112040101110000000000011000011111101011(116)(158)(90)(154)(77)(176)(72)0(180)(170)(77)0(214)0(72)(116)
  1732   290.000000      1.000000     291.000000   Etimer44         0     112112112040101110000000000011000011111101011(116)(158)(90)(154)(77)(176)(72)0(180)(171)(77)0(214)0(72)(116)
  1733   290.000000      1.000000     291.000000   Etimer45         0     112112112040101110000000000011000011111101011(116)(158)(90)(154)(77)(176)(72)0(180)(171)(77)0(214)0(73)(116)
  1734   290.000000      1.000000     291.000000   Etimer39         0     112112112040101110000000000011000011111101011(116)(158)(90)(154)(77)(176)(72)0(180)(171)(77)0(214)0(73)(117)
  1735   290.000000      1.000000     291.000000   Etimer37         0     112112112040101110000000000011000011111101011(116)(158)(90)(154)(77)(176)(72)0(181)(171)(77)0(214)0(73)(117)
  1736   290.000000      1.000000     291.000000   Etimer36         0     112112112040101110000000000011000011111101011(116)(158)(90)(155)(77)(176)(72)0(181)(171)(77)0(214)0(73)(117)
  1737   290.000000      1.000000     291.000000   Etimer38         0     112112112040101110000000000011000011111101011(116)(158)(91)(155)(77)(176)(72)0(181)(171)(77)0(214)0(73)(117)
  1738   290.000000      1.000000     291.000000   Etimer45         0     112112112040101110000000000011000011111101011(116)(158)(91)(155)(77)(177)(72)0(181)(171)(77)0(214)0(73)(117)
  1739   290.000000      1.000000     291.000000   Etimer44         0     112112112040101110000000000011000011111101011(117)(158)(91)(155)(77)(177)(72)0(181)(171)(77)0(214)0(73)(117)
  1740   290.000000      1.000000     291.000000   Etimer42         0     112112112040101110000000000011000011111101011(117)(158)(91)(155)(77)(177)(73)0(181)(171)(77)0(214)0(73)(117)
  1741   290.000000      1.000000     291.000000   Etimer35         0     112112112040101110000000000011000011111101011(117)(158)(91)(155)(77)(177)(73)0(181)(171)(77)0(215)0(73)(117)
  1742   291.000000      1.000000     292.000000   Etimer42         0     112112112040101110000000000011000011111101011(117)(159)(91)(155)(77)(177)(73)0(181)(171)(77)0(215)0(73)(117)
  1743   291.000000      1.000000     292.000000   Etimer44         0     112112112040101110000000000011000011111101011(117)(159)(91)(155)(77)(177)(73)0(181)(171)(77)0(216)0(73)(117)
  1744   291.000000      1.000000     292.000000   Etimer37         0     112112112040101110000000000011000011111101011(117)(159)(91)(155)(77)(177)(73)0(181)(171)(77)0(216)0(74)(117)
  1745   291.000000      1.000000     292.000000   Etimer35         0     112112112040101110000000000011000011111101011(117)(159)(91)(156)(77)(177)(73)0(181)(171)(77)0(216)0(74)(117)
  1746   291.000000      1.000000     292.000000   Etimer38         0     112112112040101110000000000011000011111101011(117)(160)(91)(156)(77)(177)(73)0(181)(171)(77)0(216)0(74)(117)
  1747   291.000000      1.000000     292.000000   Etimer44         0     112112112040101110000000000011000011111101011(117)(160)(91)(156)(77)(178)(73)0(181)(171)(77)0(216)0(74)(117)
  1748   291.000000      1.000000     292.000000   Etimer45         0     112112112040101110000000000011000011111101011(117)(160)(91)(156)(77)(178)(74)0(181)(171)(77)0(216)0(74)(117)
  1749   291.000000      1.000000     292.000000   Etimer40         0     112112112040101110000000000011000011111101011(117)(160)(91)(156)(77)(178)(74)0(181)(171)(77)0(216)0(74)(118)
  1750   291.000000      1.000000     292.000000   Etimer39         0     112112112040101110000000000011000011111101011(117)(160)(91)(156)(77)(178)(74)0(181)(172)(77)0(216)0(74)(118)
  1751   291.000000      1.000000     292.000000   Etimer45         0     112112112040101110000000000011000011111101011(117)(160)(91)(156)(77)(178)(74)0(182)(172)(77)0(216)0(74)(118)
  1752   291.000000      1.000000     292.000000   Etimer36         0     112112112040101110000000000011000011111101011(118)(160)(91)(156)(77)(178)(74)0(182)(172)(77)0(216)0(74)(118)
  1753   292.000000      1.000000     293.000000   Etimer35         0     112112112040101110000000000011000011111101011(118)(160)(92)(156)(77)(178)(74)0(182)(172)(77)0(216)0(74)(118)
  1754   292.000000      1.000000     293.000000   Etimer38         0     112112112040101110000000000011000011111101011(118)(161)(92)(156)(77)(178)(74)0(182)(172)(77)0(216)0(74)(118)
  1755   292.000000      1.000000     293.000000   Etimer39         0     112112112040101110000000000011000011111101011(118)(161)(92)(156)(77)(179)(74)0(182)(172)(77)0(216)0(74)(118)
  1756   292.000000      1.000000     293.000000   Etimer44         0     112112112040101110000000000011000011111101011(118)(161)(92)(156)(77)(179)(74)0(183)(172)(77)0(216)0(74)(118)
  1757   292.000000      1.000000     293.000000   Etimer37         0     112112112040101110000000000011000011111101011(118)(161)(92)(156)(77)(179)(74)0(183)(172)(77)0(216)0(75)(118)
  1758   292.000000      1.000000     293.000000   Etimer45         0     112112112040101110000000000011000011111101011(118)(161)(92)(157)(77)(179)(74)0(183)(172)(77)0(216)0(75)(118)
  1759   292.000000      1.000000     293.000000   Etimer42         0     112112112040101110000000000011000011111101011(118)(161)(92)(157)(77)(179)(74)0(183)(172)(77)0(216)0(75)(119)
  1760   292.000000      1.000000     293.000000   Etimer44         0     112112112040101110000000000011000011111101011(118)(161)(92)(157)(77)(179)(74)0(183)(172)(77)0(217)0(75)(119)
  1761   292.000000      1.000000     293.000000   Etimer45         0     112112112040101110000000000011000011111101011(118)(161)(92)(157)(77)(179)(75)0(183)(172)(77)0(217)0(75)(119)
  1762   292.000000      1.000000     293.000000   Etimer36         0     112112112040101110000000000011000011111101011(119)(161)(92)(157)(77)(179)(75)0(183)(172)(77)0(217)0(75)(119)
  1763   292.000000      1.000000     293.000000   Etimer40         0     112112112040101110000000000011000011111101011(119)(161)(93)(157)(77)(179)(75)0(183)(172)(77)0(217)0(75)(119)
  1764   293.000000      1.000000     294.000000   Etimer44         0     112112112040101110000000000011000011111101011(119)(161)(93)(157)(77)(179)(75)0(183)(173)(77)0(217)0(75)(119)
  1765   293.000000      1.000000     294.000000   Etimer37         0     112112112040101110000000000011000011111101011(119)(161)(93)(157)(77)(179)(75)0(183)(173)(77)0(217)0(76)(119)
  1766   293.000000      1.000000     294.000000   Etimer40         0     112112112040101110000000000011000011111101011(119)(161)(93)(158)(77)(179)(75)0(183)(173)(77)0(217)0(76)(119)
  1767   293.000000      1.000000     294.000000   Etimer38         0     112112112040101110000000000011000011111101011(119)(161)(93)(158)(77)(179)(75)0(183)(174)(77)0(217)0(76)(119)
  1768   293.000000      1.000000     294.000000   Etimer42         0     112112112040101110000000000011000011111101011(119)(161)(93)(158)(77)(180)(75)0(183)(174)(77)0(217)0(76)(119)
  1769   293.000000      1.000000     294.000000   Etimer45         0     112112112040101110000000000011000011111101011(119)(161)(93)(158)(77)(180)(75)0(183)(174)(77)0(218)0(76)(119)
  1770   293.000000      1.000000     294.000000   Etimer45         0     112112112040101110000000000011000011111101011(120)(161)(93)(158)(77)(180)(75)0(183)(174)(77)0(218)0(76)(119)
  1771   293.000000      1.000000     294.000000   Etimer36         0     112112112040101110000000000011000011111101011(120)(161)(93)(158)(77)(180)(75)0(183)(174)(77)0(218)0(76)(120)
  1772   293.000000      1.000000     294.000000   Etimer44         0     112112112040101110000000000011000011111101011(120)(161)(94)(158)(77)(180)(75)0(183)(174)(77)0(218)0(76)(120)
  1773   293.000000      1.000000     294.000000   Etimer35         0     112112112040101110000000000011000011111101011(120)(161)(94)(158)(77)(180)(76)0(183)(174)(77)0(218)0(76)(120)
  1774   293.000000      1.000000     294.000000   Etimer39         0     112112112040101110000000000011000011111101011(120)(162)(94)(158)(77)(180)(76)0(183)(174)(77)0(218)0(76)(120)
  1775   294.000000      1.000000     295.000000   Etimer39         0     112112112040101110000000000011000011111101011(120)(162)(94)(158)(77)(180)(76)0(184)(174)(77)0(218)0(76)(120)
  1776   294.000000      1.000000     295.000000   Etimer44         0     112112112040101110000000000011000011111101011(120)(162)(94)(158)(77)(180)(76)0(185)(174)(77)0(218)0(76)(120)
  1777   294.000000      1.000000     295.000000   Etimer35         0     112112112040101110000000000011000011111101011(120)(162)(94)(158)(77)(180)(76)0(185)(174)(77)0(218)0(77)(120)
  1778   294.000000      1.000000     295.000000   Etimer36         0     112112112040101110000000000011000011111101011(120)(163)(94)(158)(77)(180)(76)0(185)(174)(77)0(218)0(77)(120)
  1779   294.000000      1.000000     295.000000   Etimer38         0     112112112040101110000000000011000011111101011(120)(163)(95)(158)(77)(180)(76)0(185)(174)(77)0(218)0(77)(120)
  1780   294.000000      1.000000     295.000000   Etimer45         0     112112112040101110000000000011000011111101011(120)(163)(95)(158)(77)(181)(76)0(185)(174)(77)0(218)0(77)(120)
  1781   294.000000      1.000000     295.000000   Etimer44         0     112112112040101110000000000011000011111101011(120)(163)(95)(158)(77)(181)(76)0(185)(174)(77)0(218)0(77)(121)
  1782   294.000000      1.000000     295.000000   Etimer45         0     112112112040101110000000000011000011111101011(120)(163)(95)(158)(77)(181)(77)0(185)(174)(77)0(218)0(77)(121)
  1783   294.000000      1.000000     295.000000   Etimer37         0     112112112040101110000000000011000011111101011(121)(163)(95)(158)(77)(181)(77)0(185)(174)(77)0(218)0(77)(121)
  1784   294.000000      1.000000     295.000000   Etimer42         0     112112112040101110000000000011000011111101011(121)(163)(95)(159)(77)(181)(77)0(185)(174)(77)0(218)0(77)(121)
  1785   294.000000      1.000000     295.000000   Etimer40         0     112112112040101110000000000011000011111101011(121)(163)(95)(159)(77)(181)(77)0(185)(174)(77)0(219)0(77)(121)
  1786   295.000000      1.000000     296.000000   Etimer45         0     112112112040101110000000000011000011111101011(121)(163)(95)(159)(77)(181)(77)0(185)(175)(77)0(219)0(77)(121)
  1787   295.000000      1.000000     296.000000   Etimer44         0     112112112040101110000000000011000011111101011(122)(163)(95)(159)(77)(181)(77)0(185)(175)(77)0(219)0(77)(121)
  1788   295.000000      1.000000     296.000000   Etimer39         0     112112112040101110000000000011000011111101011(122)(163)(95)(159)(77)(181)(77)0(185)(175)(77)0(219)0(78)(121)
  1789   295.000000      1.000000     296.000000   Etimer44         0     112112112040101110000000000011000011111101011(122)(163)(95)(159)(77)(181)(77)0(186)(175)(77)0(219)0(78)(121)
  1790   295.000000      1.000000     296.000000   Etimer37         0     112112112040101110000000000011000011111101011(122)(163)(95)(159)(77)(181)(78)0(186)(175)(77)0(219)0(78)(121)
  1791   295.000000      1.000000     296.000000   Etimer45         0     112112112040101110000000000011000011111101011(122)(163)(95)(160)(77)(181)(78)0(186)(175)(77)0(219)0(78)(121)
  1792   295.000000      1.000000     296.000000   Etimer40         0     112112112040101110000000000011000011111101011(122)(163)(95)(160)(77)(181)(78)0(186)(175)(77)0(219)0(78)(122)
  1793   295.000000      1.000000     296.000000   Etimer36         0     112112112040101110000000000011000011111101011(122)(163)(95)(160)(77)(181)(78)0(186)(176)(77)0(219)0(78)(122)
  1794   295.000000      1.000000     296.000000   Etimer42         0     112112112040101110000000000011000011111101011(122)(163)(96)(160)(77)(181)(78)0(186)(176)(77)0(219)0(78)(122)
  1795   295.000000      1.000000     296.000000   Etimer35         0     112112112040101110000000000011000011111101011(122)(163)(96)(160)(77)(181)(78)0(186)(176)(77)0(220)0(78)(122)
  1796   295.000000      1.000000     296.000000   Etimer38         0     112112112040101110000000000011000011111101011(122)(164)(96)(160)(77)(181)(78)0(186)(176)(77)0(220)0(78)(122)
  1797   296.000000      1.000000     297.000000   Etimer44         0     112112112040101110000000000011000011111101011(122)(164)(96)(160)(77)(182)(78)0(186)(176)(77)0(220)0(78)(122)
  1798   296.000000      1.000000     297.000000   Etimer45         0     112112112040101110000000000011000011111101011(122)(164)(96)(160)(77)(182)(79)0(186)(176)(77)0(220)0(78)(122)
  1799   296.000000      1.000000     297.000000   Etimer42         0     112112112040101110000000000011000011111101011(122)(164)(96)(160)(77)(182)(79)0(186)(176)(77)0(220)0(78)(123)
  1800   296.000000      1.000000     297.000000   Etimer40         0     112112112040101110000000000011000011111101011(122)(164)(96)(160)(77)(182)(79)0(186)(176)(77)0(221)0(78)(123)
  1801   296.000000      1.000000     297.000000   Etimer36         0     112112112040101110000000000011000011111101011(122)(164)(96)(160)(77)(182)(79)0(186)(177)(77)0(221)0(78)(123)
  1802   296.000000      1.000000     297.000000   Etimer39         0     112112112040101110000000000011000011111101011(122)(164)(97)(160)(77)(182)(79)0(186)(177)(77)0(221)0(78)(123)
  1803   296.000000      1.000000     297.000000   Etimer45         0     112112112040101110000000000011000011111101011(122)(164)(97)(160)(77)(182)(79)0(187)(177)(77)0(221)0(78)(123)
  1804   296.000000      1.000000     297.000000   Etimer44         0     112112112040101110000000000011000011111101011(123)(164)(97)(160)(77)(182)(79)0(187)(177)(77)0(221)0(78)(123)
  1805   296.000000      1.000000     297.000000   Etimer37         0     112112112040101110000000000011000011111101011(123)(164)(97)(160)(77)(182)(79)0(187)(177)(77)0(221)0(79)(123)
  1806   296.000000      1.000000     297.000000   Etimer35         0     112112112040101110000000000011000011111101011(123)(164)(97)(161)(77)(182)(79)0(187)(177)(77)0(221)0(79)(123)
  1807   296.000000      1.000000     297.000000   Etimer38         0     112112112040101110000000000011000011111101011(123)(165)(97)(161)(77)(182)(79)0(187)(177)(77)0(221)0(79)(123)
  1808   297.000000      1.000000     298.000000   Etimer38         0     112112112040101110000000000011000011111101011(123)(165)(97)(161)(77)(183)(79)0(187)(177)(77)0(221)0(79)(123)
  1809   297.000000      1.000000     298.000000   Etimer36         0     112112112040101110000000000011000011111101011(123)(165)(97)(161)(77)(184)(79)0(187)(177)(77)0(221)0(79)(123)
  1810   297.000000      1.000000     298.000000   Etimer42         0     112112112040101110000000000011000011111101011(123)(165)(98)(161)(77)(184)(79)0(187)(177)(77)0(221)0(79)(123)
  1811   297.000000      1.000000     298.000000   Etimer37         0     112112112040101110000000000011000011111101011(123)(165)(98)(161)(77)(184)(79)0(187)(177)(77)0(222)0(79)(123)
  1812   297.000000      1.000000     298.000000   Etimer39         0     112112112040101110000000000011000011111101011(123)(165)(98)(162)(77)(184)(79)0(187)(177)(77)0(222)0(79)(123)
  1813   297.000000      1.000000     298.000000   Etimer35         0     112112112040101110000000000011000011111101011(123)(165)(98)(162)(77)(184)(79)0(188)(177)(77)0(222)0(79)(123)
  1814   297.000000      1.000000     298.000000   Etimer45         0     112112112040101110000000000011000011111101011(123)(166)(98)(162)(77)(184)(79)0(188)(177)(77)0(222)0(79)(123)
  1815   297.000000      1.000000     298.000000   Etimer44         0     112112112040101110000000000011000011111101011(124)(166)(98)(162)(77)(184)(79)0(188)(177)(77)0(222)0(79)(123)
  1816   297.000000      1.000000     298.000000   Etimer40         0     112112112040101110000000000011000011111101011(124)(166)(98)(162)(77)(184)(79)0(188)(177)(77)0(222)0(80)(123)
  1817   297.000000      1.000000     298.000000   Etimer44         0     112112112040101110000000000011000011111101011(124)(166)(98)(162)(77)(184)(79)0(188)(178)(77)0(222)0(80)(123)
  1818   297.000000      1.000000     298.000000   Etimer45         0     112112112040101110000000000011000011111101011(124)(166)(98)(162)(77)(184)(80)0(188)(178)(77)0(222)0(80)(123)
  1819   298.000000      1.000000     299.000000   Etimer45         0     112112112040101110000000000011000011111101011(124)(166)(98)(162)(77)(184)(80)0(188)(178)(77)0(222)0(80)(124)
  1820   298.000000      1.000000     299.000000   Etimer39         0     112112112040101110000000000011000011111101011(124)(166)(98)(162)(77)(184)(80)0(188)(178)(77)0(222)0(80)(125)
  1821   298.000000      1.000000     299.000000   Etimer35         0     112112112040101110000000000011000011111101011(124)(166)(98)(162)(77)(184)(80)0(189)(178)(77)0(222)0(80)(125)
  1822   298.000000      1.000000     299.000000   Etimer44         0     112112112040101110000000000011000011111101011(124)(167)(98)(162)(77)(184)(80)0(189)(178)(77)0(222)0(80)(125)
  1823   298.000000      1.000000     299.000000   Etimer38         0     112112112040101110000000000011000011111101011(124)(167)(98)(162)(77)(184)(80)0(189)(178)(77)0(222)0(81)(125)
  1824   298.000000      1.000000     299.000000   Etimer37         0     112112112040101110000000000011000011111101011(124)(167)(98)(162)(77)(185)(80)0(189)(178)(77)0(222)0(81)(125)
  1825   298.000000      1.000000     299.000000   Etimer42         0     112112112040101110000000000011000011111101011(124)(167)(98)(163)(77)(185)(80)0(189)(178)(77)0(222)0(81)(125)
  1826   298.000000      1.000000     299.000000   Etimer45         0     112112112040101110000000000011000011111101011(124)(167)(98)(163)(77)(185)(80)0(189)(178)(77)0(223)0(81)(125)
  1827   298.000000      1.000000     299.000000   Etimer40         0     112112112040101110000000000011000011111101011(125)(167)(98)(163)(77)(185)(80)0(189)(178)(77)0(223)0(81)(125)
  1828   298.000000      1.000000     299.000000   Etimer36         0     112112112040101110000000000011000011111101011(125)(167)(98)(163)(77)(185)(80)0(189)(179)(77)0(223)0(81)(125)
  1829   298.000000      1.000000     299.000000   Etimer44         0     112112112040101110000000000011000011111101011(125)(167)(99)(163)(77)(185)(80)0(189)(179)(77)0(223)0(81)(125)
  1830   299.000000      1.000000     300.000000   Etimer42         0     112112112040101110000000000011000011111101011(125)(167)(99)(163)(77)(185)(81)0(189)(179)(77)0(223)0(81)(125)
  1831   299.000000      1.000000     300.000000   Etimer38         0     112112112040101110000000000011000011111101011(125)(167)(99)(163)(77)(185)(81)0(189)(179)(77)0(224)0(81)(125)
  1832   299.000000      1.000000     300.000000   Etimer37         0     112112112040101110000000000011000011111101011(125)(167)(99)(163)(77)(186)(81)0(189)(179)(77)0(224)0(81)(125)
  1833   299.000000      1.000000     300.000000   Etimer44         0     112112112040101110000000000011000011111101011(125)(167)(99)(164)(77)(186)(81)0(189)(179)(77)0(224)0(81)(125)
  1834   299.000000      1.000000     300.000000   Etimer45         0     112112112040101110000000000011000011111101011(125)(167)(99)(164)(77)(186)(82)0(189)(179)(77)0(224)0(81)(125)
  1835   299.000000      1.000000     300.000000   Etimer44         0     112112112040101110000000000011000011111101011(125)(167)(99)(164)(77)(186)(82)0(189)(179)(77)0(224)0(81)(126)
  1836   299.000000      1.000000     300.000000   Etimer35         0     112112112040101110000000000011000011111101011(125)(167)(99)(164)(77)(186)(82)0(189)(179)(77)0(224)0(82)(126)
  1837   299.000000      1.000000     300.000000   Etimer40         0     112112112040101110000000000011000011111101011(125)(168)(99)(164)(77)(186)(82)0(189)(179)(77)0(224)0(82)(126)
  1838   299.000000      1.000000     300.000000   Etimer36         0     112112112040101110000000000011000011111101011(125)(168)(99)(164)(77)(186)(82)0(189)(180)(77)0(224)0(82)(126)
  1839   299.000000      1.000000     300.000000   Etimer39         0     112112112040101110000000000011000011111101011(125)(168)(100)(164)(77)(186)(82)0(189)(180)(77)0(224)0(82)(126)
  1840   299.000000      1.000000     300.000000   Etimer45         0     112112112040101110000000000011000011111101011(125)(168)(100)(164)(77)(186)(82)0(190)(180)(77)0(224)0(82)(126)
  1841   300.000000      1.000000     301.000000   Etimer37         0     112112112040101110000000000011000011111101011(126)(168)(100)(164)(77)(186)(82)0(190)(180)(77)0(224)0(82)(126)
  1842   300.000000      1.000000     301.000000   Etimer45         0     112112112040101110000000000011000011111101011(126)(168)(100)(165)(77)(186)(82)0(190)(180)(77)0(224)0(82)(126)
  1843   300.000000      1.000000     301.000000   Etimer45         0     112112112040101110000000000011000011111101011(127)(168)(100)(165)(77)(186)(82)0(190)(180)(77)0(224)0(82)(126)
  1844   300.000000      1.000000     301.000000   Etimer42         0     112112112040101110000000000011000011111101011(127)(168)(100)(165)(77)(186)(82)0(190)(180)(77)0(224)0(82)(127)
  1845   300.000000      1.000000     301.000000   Etimer38         0     112112112040101110000000000011000011111101011(127)(168)(100)(165)(77)(186)(82)0(190)(180)(77)0(225)0(82)(127)
  1846   300.000000      1.000000     301.000000   Etimer36         0     112112112040101110000000000011000011111101011(127)(168)(100)(165)(77)(187)(82)0(190)(180)(77)0(225)0(82)(127)
  1847   300.000000      1.000000     301.000000   Etimer44         0     112112112040101110000000000011000011111101011(127)(168)(101)(165)(77)(187)(82)0(190)(180)(77)0(225)0(82)(127)
  1848   300.000000      1.000000     301.000000   Etimer39         0     112112112040101110000000000011000011111101011(127)(168)(101)(165)(77)(187)(82)0(190)(180)(77)0(225)0(83)(127)
  1849   300.000000      1.000000     301.000000   Etimer35         0     112112112040101110000000000011000011111101011(127)(168)(101)(165)(77)(187)(82)0(191)(180)(77)0(225)0(83)(127)
  1850   300.000000      1.000000     301.000000   Etimer40         0     112112112040101110000000000011000011111101011(127)(169)(101)(165)(77)(187)(82)0(191)(180)(77)0(225)0(83)(127)
  1851   300.000000      1.000000     301.000000   Etimer44         0     112112112040101110000000000011000011111101011(127)(169)(101)(165)(77)(187)(82)0(191)(181)(77)0(225)0(83)(127)
  1852   301.000000      1.000000     302.000000   Etimer37         0     112112112040101110000000000011000011111101011(127)(169)(101)(165)(77)(187)(83)0(191)(181)(77)0(225)0(83)(127)
  1853   301.000000      1.000000     302.000000   Etimer44         0     112112112040101110000000000011000011111101011(127)(169)(101)(166)(77)(187)(83)0(191)(181)(77)0(225)0(83)(127)
  1854   301.000000      1.000000     302.000000   Etimer39         0     112112112040101110000000000011000011111101011(127)(169)(101)(166)(77)(187)(83)0(191)(181)(77)0(225)0(84)(127)
  1855   301.000000      1.000000     302.000000   Etimer44         0     112112112040101110000000000011000011111101011(127)(169)(101)(166)(77)(187)(83)0(192)(181)(77)0(225)0(84)(127)
  1856   301.000000      1.000000     302.000000   Etimer35         0     112112112040101110000000000011000011111101011(127)(169)(101)(166)(77)(187)(84)0(192)(181)(77)0(225)0(84)(127)
  1857   301.000000      1.000000     302.000000   Etimer40         0     112112112040101110000000000011000011111101011(127)(170)(101)(166)(77)(187)(84)0(192)(181)(77)0(225)0(84)(127)
  1858   301.000000      1.000000     302.000000   Etimer45         0     112112112040101110000000000011000011111101011(127)(170)(101)(166)(77)(187)(84)0(192)(182)(77)0(225)0(84)(127)
  1859   301.000000      1.000000     302.000000   Etimer45         0     112112112040101110000000000011000011111101011(128)(170)(101)(166)(77)(187)(84)0(192)(182)(77)0(225)0(84)(127)
  1860   301.000000      1.000000     302.000000   Etimer38         0     112112112040101110000000000011000011111101011(128)(170)(101)(166)(77)(187)(84)0(192)(182)(77)0(225)0(84)(128)
  1861   301.000000      1.000000     302.000000   Etimer42         0     112112112040101110000000000011000011111101011(128)(170)(101)(166)(77)(188)(84)0(192)(182)(77)0(225)0(84)(128)
  1862   301.000000      1.000000     302.000000   Etimer36         0     112112112040101110000000000011000011111101011(128)(170)(101)(166)(77)(188)(84)0(192)(182)(77)0(226)0(84)(128)
  1863   302.000000      1.000000     303.000000   Etimer45         0     112112112040101110000000000011000011111101011(128)(170)(102)(166)(77)(188)(84)0(192)(182)(77)0(226)0(84)(128)
  1864   302.000000      1.000000     303.000000   Etimer37         0     112112112040101110000000000011000011111101011(128)(170)(102)(166)(77)(188)(84)0(192)(182)(77)0(226)0(84)(129)
  1865   302.000000      1.000000     303.000000   Etimer45         0     112112112040101110000000000011000011111101011(128)(170)(102)(167)(77)(188)(84)0(192)(182)(77)0(226)0(84)(129)
  1866   302.000000      1.000000     303.000000   Etimer40         0     112112112040101110000000000011000011111101011(129)(170)(102)(167)(77)(188)(84)0(192)(182)(77)0(226)0(84)(129)
  1867   302.000000      1.000000     303.000000   Etimer42         0     112112112040101110000000000011000011111101011(129)(170)(102)(167)(77)(188)(84)0(192)(183)(77)0(226)0(84)(129)
  1868   302.000000      1.000000     303.000000   Etimer38         0     112112112040101110000000000011000011111101011(129)(170)(102)(167)(77)(188)(84)0(192)(183)(77)0(227)0(84)(129)
  1869   302.000000      1.000000     303.000000   Etimer39         0     112112112040101110000000000011000011111101011(129)(170)(102)(167)(77)(189)(84)0(192)(183)(77)0(227)0(84)(129)
  1870   302.000000      1.000000     303.000000   Etimer35         0     112112112040101110000000000011000011111101011(129)(170)(102)(167)(77)(189)(84)0(193)(183)(77)0(227)0(84)(129)
  1871   302.000000      1.000000     303.000000   Etimer44         0     112112112040101110000000000011000011111101011(129)(171)(102)(167)(77)(189)(84)0(193)(183)(77)0(227)0(84)(129)
  1872   302.000000      1.000000     303.000000   Etimer44         0     112112112040101110000000000011000011111101011(129)(171)(102)(167)(77)(189)(85)0(193)(183)(77)0(227)0(84)(129)
  1873   302.000000      1.000000     303.000000   Etimer36         0     112112112040101110000000000011000011111101011(129)(171)(102)(167)(77)(189)(85)0(193)(183)(77)0(227)0(85)(129)
  1874   303.000000      1.000000     304.000000   Etimer44         0     112112112040101110000000000011000011111101011(129)(171)(103)(167)(77)(189)(85)0(193)(183)(77)0(227)0(85)(129)
  1875   303.000000      1.000000     304.000000   Etimer40         0     112112112040101110000000000011000011111101011(129)(171)(103)(167)(77)(189)(85)0(193)(183)(77)0(227)0(86)(129)
  1876   303.000000      1.000000     304.000000   Etimer36         0     112112112040101110000000000011000011111101011(129)(171)(103)(167)(77)(189)(85)0(193)(184)(77)0(227)0(86)(129)
  1877   303.000000      1.000000     304.000000   Etimer38         0     112112112040101110000000000011000011111101011(129)(171)(104)(167)(77)(189)(85)0(193)(184)(77)0(227)0(86)(129)
  1878   303.000000      1.000000     304.000000   Etimer45         0     112112112040101110000000000011000011111101011(129)(171)(104)(167)(77)(190)(85)0(193)(184)(77)0(227)0(86)(129)
  1879   303.000000      1.000000     304.000000   Etimer42         0     112112112040101110000000000011000011111101011(130)(171)(104)(167)(77)(190)(85)0(193)(184)(77)0(227)0(86)(129)
  1880   303.000000      1.000000     304.000000   Etimer39         0     112112112040101110000000000011000011111101011(130)(171)(104)(167)(77)(190)(85)0(193)(184)(77)0(228)0(86)(129)
  1881   303.000000      1.000000     304.000000   Etimer45         0     112112112040101110000000000011000011111101011(130)(171)(104)(167)(77)(190)(85)0(194)(184)(77)0(228)0(86)(129)
  1882   303.000000      1.000000     304.000000   Etimer35         0     112112112040101110000000000011000011111101011(130)(171)(104)(167)(77)(190)(85)0(194)(184)(77)0(228)0(86)(130)
  1883   303.000000      1.000000     304.000000   Etimer44         0     112112112040101110000000000011000011111101011(130)(172)(104)(167)(77)(190)(85)0(194)(184)(77)0(228)0(86)(130)
  1884   303.000000      1.000000     304.000000   Etimer37         0     112112112040101110000000000011000011111101011(130)(172)(104)(167)(77)(190)(86)0(194)(184)(77)0(228)0(86)(130)
  1885   304.000000      1.000000     305.000000   Etimer44         0     112112112040101110000000000011000011111101011(130)(172)(104)(168)(77)(190)(86)0(194)(184)(77)0(228)0(86)(130)
  1886   304.000000      1.000000     305.000000   Etimer35         0     112112112040101110000000000011000011111101011(130)(172)(104)(168)(77)(190)(87)0(194)(184)(77)0(228)0(86)(130)
  1887   304.000000      1.000000     305.000000   Etimer38         0     112112112040101110000000000011000011111101011(130)(173)(104)(168)(77)(190)(87)0(194)(184)(77)0(228)0(86)(130)
  1888   304.000000      1.000000     305.000000   Etimer44         0     112112112040101110000000000011000011111101011(130)(173)(104)(168)(77)(191)(87)0(194)(184)(77)0(228)0(86)(130)
  1889   304.000000      1.000000     305.000000   Etimer42         0     112112112040101110000000000011000011111101011(130)(173)(104)(168)(77)(191)(87)0(194)(184)(77)0(228)0(87)(130)
  1890   304.000000      1.000000     305.000000   Etimer45         0     112112112040101110000000000011000011111101011(130)(173)(104)(168)(77)(191)(87)0(194)(184)(77)0(229)0(87)(130)
  1891   304.000000      1.000000     305.000000   Etimer36         0     112112112040101110000000000011000011111101011(130)(173)(104)(168)(77)(191)(87)0(194)(184)(77)0(229)0(87)(131)
  1892   304.000000      1.000000     305.000000   Etimer45         0     112112112040101110000000000011000011111101011(130)(173)(105)(168)(77)(191)(87)0(194)(184)(77)0(229)0(87)(131)
  1893   304.000000      1.000000     305.000000   Etimer40         0     112112112040101110000000000011000011111101011(131)(173)(105)(168)(77)(191)(87)0(194)(184)(77)0(229)0(87)(131)
  1894   304.000000      1.000000     305.000000   Etimer39         0     112112112040101110000000000011000011111101011(131)(173)(105)(168)(77)(191)(87)0(194)(185)(77)0(229)0(87)(131)
  1895   304.000000      1.000000     305.000000   Etimer37         0     112112112040101110000000000011000011111101011(131)(173)(105)(168)(77)(191)(87)0(195)(185)(77)0(229)0(87)(131)
  1896   305.000000      1.000000     306.000000   Etimer37         0     112112112040101110000000000011000011111101011(131)(173)(105)(169)(77)(191)(87)0(195)(185)(77)0(229)0(87)(131)
  1897   305.000000      1.000000     306.000000   Etimer35         0     112112112040101110000000000011000011111101011(131)(173)(105)(170)(77)(191)(87)0(195)(185)(77)0(229)0(87)(131)
  1898   305.000000      1.000000     306.000000   Etimer44         0     112112112040101110000000000011000011111101011(131)(174)(105)(170)(77)(191)(87)0(195)(185)(77)0(229)0(87)(131)
  1899   305.000000      1.000000     306.000000   Etimer36         0     112112112040101110000000000011000011111101011(131)(174)(105)(170)(77)(191)(88)0(195)(185)(77)0(229)0(87)(131)
  1900   305.000000      1.000000     306.000000   Etimer40         0     112112112040101110000000000011000011111101011(131)(174)(106)(170)(77)(191)(88)0(195)(185)(77)0(229)0(87)(131)
  1901   305.000000      1.000000     306.000000   Etimer38         0     112112112040101110000000000011000011111101011(131)(174)(106)(170)(77)(191)(88)0(195)(186)(77)0(229)0(87)(131)
  1902   305.000000      1.000000     306.000000   Etimer42         0     112112112040101110000000000011000011111101011(131)(174)(106)(170)(77)(192)(88)0(195)(186)(77)0(229)0(87)(131)
  1903   305.000000      1.000000     306.000000   Etimer44         0     112112112040101110000000000011000011111101011(131)(174)(106)(170)(77)(192)(88)0(195)(186)(77)0(230)0(87)(131)
  1904   305.000000      1.000000     306.000000   Etimer45         0     112112112040101110000000000011000011111101011(131)(174)(106)(170)(77)(192)(88)0(195)(186)(77)0(230)0(88)(131)
  1905   305.000000      1.000000     306.000000   Etimer45         0     112112112040101110000000000011000011111101011(131)(174)(106)(170)(77)(192)(88)0(195)(186)(77)0(230)0(88)(132)
  1906   305.000000      1.000000     306.000000   Etimer39         0     112112112040101110000000000011000011111101011(132)(174)(106)(170)(77)(192)(88)0(195)(186)(77)0(230)0(88)(132)
  1907   306.000000      1.000000     307.000000   Etimer35         0     112112112040101110000000000011000011111101011(132)(174)(106)(170)(77)(192)(88)0(196)(186)(77)0(230)0(88)(132)
  1908   306.000000      1.000000     307.000000   Etimer42         0     112112112040101110000000000011000011111101011(132)(175)(106)(170)(77)(192)(88)0(196)(186)(77)0(230)0(88)(132)
  1909   306.000000      1.000000     307.000000   Etimer45         0     112112112040101110000000000011000011111101011(132)(175)(106)(170)(77)(192)(88)0(196)(186)(77)0(231)0(88)(132)
  1910   306.000000      1.000000     307.000000   Etimer38         0     112112112040101110000000000011000011111101011(133)(175)(106)(170)(77)(192)(88)0(196)(186)(77)0(231)0(88)(132)
  1911   306.000000      1.000000     307.000000   Etimer44         0     112112112040101110000000000011000011111101011(133)(175)(106)(170)(77)(193)(88)0(196)(186)(77)0(231)0(88)(132)
  1912   306.000000      1.000000     307.000000   Etimer40         0     112112112040101110000000000011000011111101011(133)(175)(106)(170)(77)(193)(88)0(196)(186)(77)0(231)0(89)(132)
  1913   306.000000      1.000000     307.000000   Etimer44         0     112112112040101110000000000011000011111101011(133)(175)(106)(170)(77)(193)(88)0(196)(187)(77)0(231)0(89)(132)
  1914   306.000000      1.000000     307.000000   Etimer39         0     112112112040101110000000000011000011111101011(133)(175)(106)(170)(77)(193)(89)0(196)(187)(77)0(231)0(89)(132)
  1915   306.000000      1.000000     307.000000   Etimer45         0     112112112040101110000000000011000011111101011(133)(175)(106)(170)(77)(193)(89)0(197)(187)(77)0(231)0(89)(132)
  1916   306.000000      1.000000     307.000000   Etimer37         0     112112112040101110000000000011000011111101011(133)(175)(106)(170)(77)(193)(89)0(197)(187)(77)0(231)0(89)(133)
  1917   306.000000      1.000000     307.000000   Etimer36         0     112112112040101110000000000011000011111101011(133)(175)(106)(171)(77)(193)(89)0(197)(187)(77)0(231)0(89)(133)
  1918   307.000000      1.000000     308.000000   Etimer37         0     112112112040101110000000000011000011111101011(133)(175)(107)(171)(77)(193)(89)0(197)(187)(77)0(231)0(89)(133)
  1919   307.000000      1.000000     308.000000   Etimer35         0     112112112040101110000000000011000011111101011(133)(175)(107)(172)(77)(193)(89)0(197)(187)(77)0(231)0(89)(133)
  1920   307.000000      1.000000     308.000000   Etimer45         0     112112112040101110000000000011000011111101011(133)(176)(107)(172)(77)(193)(89)0(197)(187)(77)0(231)0(89)(133)
  1921   307.000000      1.000000     308.000000   Etimer40         0     112112112040101110000000000011000011111101011(134)(176)(107)(172)(77)(193)(89)0(197)(187)(77)0(231)0(89)(133)
  1922   307.000000      1.000000     308.000000   Etimer36         0     112112112040101110000000000011000011111101011(134)(176)(107)(172)(77)(193)(89)0(197)(188)(77)0(231)0(89)(133)
  1923   307.000000      1.000000     308.000000   Etimer44         0     112112112040101110000000000011000011111101011(134)(176)(108)(172)(77)(193)(89)0(197)(188)(77)0(231)0(89)(133)
  1924   307.000000      1.000000     308.000000   Etimer44         0     112112112040101110000000000011000011111101011(134)(176)(108)(172)(77)(193)(89)0(197)(188)(77)0(231)0(90)(133)
  1925   307.000000      1.000000     308.000000   Etimer42         0     112112112040101110000000000011000011111101011(134)(176)(108)(172)(77)(193)(90)0(197)(188)(77)0(231)0(90)(133)
  1926   307.000000      1.000000     308.000000   Etimer39         0     112112112040101110000000000011000011111101011(134)(176)(108)(172)(77)(193)(90)0(197)(188)(77)0(232)0(90)(133)
  1927   307.000000      1.000000     308.000000   Etimer38         0     112112112040101110000000000011000011111101011(134)(176)(108)(172)(77)(193)(90)0(198)(188)(77)0(232)0(90)(133)
  1928   307.000000      1.000000     308.000000   Etimer45         0     112112112040101110000000000011000011111101011(134)(176)(108)(172)(77)(194)(90)0(198)(188)(77)0(232)0(90)(133)
  1929   308.000000      1.000000     309.000000   Etimer36         0     112112112040101110000000000011000011111101011(134)(176)(108)(172)(77)(194)(90)0(198)(188)(77)0(232)0(90)(134)
  1930   308.000000      1.000000     309.000000   Etimer42         0     112112112040101110000000000011000011111101011(134)(176)(109)(172)(77)(194)(90)0(198)(188)(77)0(232)0(90)(134)
  1931   308.000000      1.000000     309.000000   Etimer35         0     112112112040101110000000000011000011111101011(134)(176)(109)(172)(77)(194)(90)0(198)(188)(77)0(233)0(90)(134)
  1932   308.000000      1.000000     309.000000   Etimer45         0     112112112040101110000000000011000011111101011(134)(177)(109)(172)(77)(194)(90)0(198)(188)(77)0(233)0(90)(134)
  1933   308.000000      1.000000     309.000000   Etimer40         0     112112112040101110000000000011000011111101011(134)(177)(109)(172)(77)(194)(90)0(198)(188)(77)0(233)0(90)(135)
  1934   308.000000      1.000000     309.000000   Etimer44         0     112112112040101110000000000011000011111101011(134)(177)(109)(172)(77)(194)(90)0(198)(189)(77)0(233)0(90)(135)
  1935   308.000000      1.000000     309.000000   Etimer45         0     112112112040101110000000000011000011111101011(134)(177)(109)(172)(77)(194)(91)0(198)(189)(77)0(233)0(90)(135)
  1936   308.000000      1.000000     309.000000   Etimer37         0     112112112040101110000000000011000011111101011(135)(177)(109)(172)(77)(194)(91)0(198)(189)(77)0(233)0(90)(135)
  1937   308.000000      1.000000     309.000000   Etimer39         0     112112112040101110000000000011000011111101011(135)(177)(109)(173)(77)(194)(91)0(198)(189)(77)0(233)0(90)(135)
  1938   308.000000      1.000000     309.000000   Etimer38         0     112112112040101110000000000011000011111101011(135)(177)(109)(173)(77)(194)(91)0(199)(189)(77)0(233)0(90)(135)
  1939   308.000000      1.000000     309.000000   Etimer44         0     112112112040101110000000000011000011111101011(135)(177)(109)(173)(77)(195)(91)0(199)(189)(77)0(233)0(90)(135)
  1940   309.000000      1.000000     310.000000   Etimer45         0     112112112040101110000000000011000011111101011(135)(177)(109)(173)(77)(195)(91)0(199)(189)(77)0(233)0(91)(135)
  1941   309.000000      1.000000     310.000000   Etimer35         0     112112112040101110000000000011000011111101011(135)(177)(109)(173)(77)(195)(91)0(199)(189)(77)0(233)0(91)(136)
  1942   309.000000      1.000000     310.000000   Etimer36         0     112112112040101110000000000011000011111101011(135)(178)(109)(173)(77)(195)(91)0(199)(189)(77)0(233)0(91)(136)
  1943   309.000000      1.000000     310.000000   Etimer44         0     112112112040101110000000000011000011111101011(135)(178)(110)(173)(77)(195)(91)0(199)(189)(77)0(233)0(91)(136)
  1944   309.000000      1.000000     310.000000   Etimer38         0     112112112040101110000000000011000011111101011(135)(178)(110)(173)(77)(195)(92)0(199)(189)(77)0(233)0(91)(136)
  1945   309.000000      1.000000     310.000000   Etimer37         0     112112112040101110000000000011000011111101011(135)(178)(110)(173)(77)(196)(92)0(199)(189)(77)0(233)0(91)(136)
  1946   309.000000      1.000000     310.000000   Etimer40         0     112112112040101110000000000011000011111101011(135)(178)(110)(174)(77)(196)(92)0(199)(189)(77)0(233)0(91)(136)
  1947   309.000000      1.000000     310.000000   Etimer42         0     112112112040101110000000000011000011111101011(135)(178)(110)(174)(77)(196)(92)0(199)(190)(77)0(233)0(91)(136)
  1948   309.000000      1.000000     310.000000   Etimer45         0     112112112040101110000000000011000011111101011(135)(178)(110)(174)(77)(196)(92)0(199)(190)(77)0(234)0(91)(136)
  1949   309.000000      1.000000     310.000000   Etimer44         0     112112112040101110000000000011000011111101011(136)(178)(110)(174)(77)(196)(92)0(199)(190)(77)0(234)0(91)(136)
  1950   309.000000      1.000000     310.000000   Etimer39         0     112112112040101110000000000011000011111101011(136)(178)(110)(174)(77)(196)(92)0(199)(190)(77)0(234)0(92)(136)
  1951   310.000000      1.000000     311.000000   Etimer36         0     112112112040101110000000000011000011111101011(136)(178)(110)(174)(77)(196)(92)0(200)(190)(77)0(234)0(92)(136)
  1952   310.000000      1.000000     311.000000   Etimer39         0     112112112040101110000000000011000011111101011(136)(178)(111)(174)(77)(196)(92)0(200)(190)(77)0(234)0(92)(136)
  1953   310.000000      1.000000     311.000000   Etimer44         0     112112112040101110000000000011000011111101011(136)(178)(111)(174)(77)(196)(92)0(201)(190)(77)0(234)0(92)(136)
  1954   310.000000      1.000000     311.000000   Etimer37         0     112112112040101110000000000011000011111101011(136)(178)(111)(174)(77)(196)(93)0(201)(190)(77)0(234)0(92)(136)
  1955   310.000000      1.000000     311.000000   Etimer35         0     112112112040101110000000000011000011111101011(136)(178)(111)(175)(77)(196)(93)0(201)(190)(77)0(234)0(92)(136)
  1956   310.000000      1.000000     311.000000   Etimer45         0     112112112040101110000000000011000011111101011(136)(179)(111)(175)(77)(196)(93)0(201)(190)(77)0(234)0(92)(136)
  1957   310.000000      1.000000     311.000000   Etimer40         0     112112112040101110000000000011000011111101011(137)(179)(111)(175)(77)(196)(93)0(201)(190)(77)0(234)0(92)(136)
  1958   310.000000      1.000000     311.000000   Etimer42         0     112112112040101110000000000011000011111101011(137)(179)(111)(175)(77)(196)(93)0(201)(191)(77)0(234)0(92)(136)
  1959   310.000000      1.000000     311.000000   Etimer38         0     112112112040101110000000000011000011111101011(137)(179)(111)(175)(77)(196)(93)0(201)(191)(77)0(235)0(92)(136)
  1960   310.000000      1.000000     311.000000   Etimer44         0     112112112040101110000000000011000011111101011(137)(179)(111)(175)(77)(197)(93)0(201)(191)(77)0(235)0(92)(136)
  1961   310.000000      1.000000     311.000000   Etimer45         0     112112112040101110000000000011000011111101011(137)(179)(111)(175)(77)(197)(93)0(201)(191)(77)0(235)0(93)(136)
  1962   311.000000      1.000000     312.000000   Etimer38         0     112112112040101110000000000011000011111101011(137)(179)(111)(175)(77)(197)(93)0(201)(191)(77)0(235)0(93)(137)
  1963   311.000000      1.000000     312.000000   Etimer37         0     112112112040101110000000000011000011111101011(137)(179)(111)(175)(77)(198)(93)0(201)(191)(77)0(235)0(93)(137)
  1964   311.000000      1.000000     312.000000   Etimer44         0     112112112040101110000000000011000011111101011(137)(179)(111)(176)(77)(198)(93)0(201)(191)(77)0(235)0(93)(137)
  1965   311.000000      1.000000     312.000000   Etimer44         0     112112112040101110000000000011000011111101011(137)(179)(111)(176)(77)(198)(93)0(201)(191)(77)0(235)0(94)(137)
  1966   311.000000      1.000000     312.000000   Etimer45         0     112112112040101110000000000011000011111101011(137)(179)(111)(176)(77)(198)(94)0(201)(191)(77)0(235)0(94)(137)
  1967   311.000000      1.000000     312.000000   Etimer42         0     112112112040101110000000000011000011111101011(137)(179)(111)(176)(77)(198)(94)0(201)(191)(77)0(235)0(94)(138)
  1968   311.000000      1.000000     312.000000   Etimer36         0     112112112040101110000000000011000011111101011(137)(179)(111)(176)(77)(198)(94)0(201)(191)(77)0(236)0(94)(138)
  1969   311.000000      1.000000     312.000000   Etimer45         0     112112112040101110000000000011000011111101011(137)(179)(112)(176)(77)(198)(94)0(201)(191)(77)0(236)0(94)(138)
  1970   311.000000      1.000000     312.000000   Etimer39         0     112112112040101110000000000011000011111101011(138)(179)(112)(176)(77)(198)(94)0(201)(191)(77)0(236)0(94)(138)
  1971   311.000000      1.000000     312.000000   Etimer35         0     112112112040101110000000000011000011111101011(138)(179)(112)(176)(77)(198)(94)0(202)(191)(77)0(236)0(94)(138)
  1972   311.000000      1.000000     312.000000   Etimer40         0     112112112040101110000000000011000011111101011(138)(180)(112)(176)(77)(198)(94)0(202)(191)(77)0(236)0(94)(138)
  1973   312.000000      1.000000     313.000000   Etimer45         0     112112112040101110000000000011000011111101011(138)(180)(112)(176)(77)(198)(94)0(202)(192)(77)0(236)0(94)(138)
  1974   312.000000      1.000000     313.000000   Etimer45         0     112112112040101110000000000011000011111101011(138)(180)(112)(176)(77)(198)(94)0(202)(192)(77)0(236)0(94)(139)
  1975   312.000000      1.000000     313.000000   Etimer39         0     112112112040101110000000000011000011111101011(139)(180)(112)(176)(77)(198)(94)0(202)(192)(77)0(236)0(94)(139)
  1976   312.000000      1.000000     313.000000   Etimer35         0     112112112040101110000000000011000011111101011(139)(180)(112)(176)(77)(198)(94)0(203)(192)(77)0(236)0(94)(139)
  1977   312.000000      1.000000     313.000000   Etimer42         0     112112112040101110000000000011000011111101011(139)(181)(112)(176)(77)(198)(94)0(203)(192)(77)0(236)0(94)(139)
  1978   312.000000      1.000000     313.000000   Etimer37         0     112112112040101110000000000011000011111101011(139)(181)(112)(176)(77)(198)(94)0(203)(192)(77)0(237)0(94)(139)
  1979   312.000000      1.000000     313.000000   Etimer36         0     112112112040101110000000000011000011111101011(139)(181)(112)(177)(77)(198)(94)0(203)(192)(77)0(237)0(94)(139)
  1980   312.000000      1.000000     313.000000   Etimer44         0     112112112040101110000000000011000011111101011(139)(181)(113)(177)(77)(198)(94)0(203)(192)(77)0(237)0(94)(139)
  1981   312.000000      1.000000     313.000000   Etimer40         0     112112112040101110000000000011000011111101011(139)(181)(113)(177)(77)(198)(95)0(203)(192)(77)0(237)0(94)(139)
  1982   312.000000      1.000000     313.000000   Etimer38         0     112112112040101110000000000011000011111101011(139)(181)(113)(177)(77)(198)(95)0(203)(193)(77)0(237)0(94)(139)
  1983   312.000000      1.000000     313.000000   Etimer44         0     112112112040101110000000000011000011111101011(139)(181)(113)(177)(77)(199)(95)0(203)(193)(77)0(237)0(94)(139)
  1984   313.000000      1.000000     314.000000   Etimer45         0     112112112040101110000000000011000011111101011(139)(181)(113)(177)(77)(199)(95)0(203)(193)(77)0(237)0(95)(139)
  1985   313.000000      1.000000     314.000000   Etimer45         0     112112112040101110000000000011000011111101011(139)(181)(113)(177)(77)(199)(95)0(203)(193)(77)0(237)0(95)(140)
  1986   313.000000      1.000000     314.000000   Etimer39         0     112112112040101110000000000011000011111101011(140)(181)(113)(177)(77)(199)(95)0(203)(193)(77)0(237)0(95)(140)
  1987   313.000000      1.000000     314.000000   Etimer36         0     112112112040101110000000000011000011111101011(140)(181)(113)(177)(77)(199)(95)0(204)(193)(77)0(237)0(95)(140)
  1988   313.000000      1.000000     314.000000   Etimer37         0     112112112040101110000000000011000011111101011(140)(181)(114)(177)(77)(199)(95)0(204)(193)(77)0(237)0(95)(140)
  1989   313.000000      1.000000     314.000000   Etimer40         0     112112112040101110000000000011000011111101011(140)(181)(114)(178)(77)(199)(95)0(204)(193)(77)0(237)0(95)(140)
  1990   313.000000      1.000000     314.000000   Etimer35         0     112112112040101110000000000011000011111101011(140)(181)(114)(178)(77)(199)(95)0(204)(194)(77)0(237)0(95)(140)
  1991   313.000000      1.000000     314.000000   Etimer44         0     112112112040101110000000000011000011111101011(140)(182)(114)(178)(77)(199)(95)0(204)(194)(77)0(237)0(95)(140)
  1992   313.000000      1.000000     314.000000   Etimer44         0     112112112040101110000000000011000011111101011(140)(182)(114)(178)(77)(199)(96)0(204)(194)(77)0(237)0(95)(140)
  1993   313.000000      1.000000     314.000000   Etimer38         0     112112112040101110000000000011000011111101011(140)(182)(114)(178)(77)(199)(96)0(204)(194)(77)0(237)0(96)(140)
  1994   313.000000      1.000000     314.000000   Etimer42         0     112112112040101110000000000011000011111101011(140)(182)(114)(178)(77)(200)(96)0(204)(194)(77)0(237)0(96)(140)
  1995   314.000000      1.000000     315.000000   Etimer39         0     112112112040101110000000000011000011111101011(140)(182)(114)(178)(77)(200)(96)0(204)(194)(77)0(238)0(96)(140)
  1996   314.000000      1.000000     315.000000   Etimer44         0     112112112040101110000000000011000011111101011(140)(182)(114)(178)(77)(200)(96)0(205)(194)(77)0(238)0(96)(140)
  1997   314.000000      1.000000     315.000000   Etimer42         0     112112112040101110000000000011000011111101011(140)(182)(114)(178)(77)(200)(97)0(205)(194)(77)0(238)0(96)(140)
  1998   314.000000      1.000000     315.000000   Etimer36         0     112112112040101110000000000011000011111101011(140)(182)(114)(178)(77)(200)(97)0(205)(194)(77)0(239)0(96)(140)
  1999   314.000000      1.000000     315.000000   Etimer40         0     112112112040101110000000000011000011111101011(140)(182)(115)(178)(77)(200)(97)0(205)(194)(77)0(239)0(96)(140)
  2000   314.000000      1.000000     315.000000   Etimer38         0     112112112040101110000000000011000011111101011(140)(182)(115)(178)(77)(200)(97)0(205)(195)(77)0(239)0(96)(140)
  2001   314.000000      1.000000     315.000000   Etimer44         0     112112112040101110000000000011000011111101011(140)(182)(115)(178)(77)(201)(97)0(205)(195)(77)0(239)0(96)(140)
  2002   314.000000      1.000000     315.000000   Etimer45         0     112112112040101110000000000011000011111101011(140)(182)(115)(178)(77)(201)(97)0(205)(195)(77)0(239)0(97)(140)
  2003   314.000000      1.000000     315.000000   Etimer37         0     112112112040101110000000000011000011111101011(140)(182)(115)(178)(77)(201)(97)0(205)(195)(77)0(239)0(97)(141)
  2004   314.000000      1.000000     315.000000   Etimer35         0     112112112040101110000000000011000011111101011(140)(182)(115)(179)(77)(201)(97)0(205)(195)(77)0(239)0(97)(141)
  2005   314.000000      1.000000     315.000000   Etimer45         0     112112112040101110000000000011000011111101011(140)(183)(115)(179)(77)(201)(97)0(205)(195)(77)0(239)0(97)(141)
  2006   315.000000      1.000000     316.000000   Etimer38         0     112112112040101110000000000011000011111101011(141)(183)(115)(179)(77)(201)(97)0(205)(195)(77)0(239)0(97)(141)
  2007   315.000000      1.000000     316.000000   Etimer37         0     112112112040101110000000000011000011111101011(141)(183)(115)(179)(77)(202)(97)0(205)(195)(77)0(239)0(97)(141)
  2008   315.000000      1.000000     316.000000   Etimer44         0     112112112040101110000000000011000011111101011(141)(183)(115)(180)(77)(202)(97)0(205)(195)(77)0(239)0(97)(141)
  2009   315.000000      1.000000     316.000000   Etimer45         0     112112112040101110000000000011000011111101011(141)(183)(115)(180)(77)(202)(97)0(205)(195)(77)0(239)0(98)(141)
  2010   315.000000      1.000000     316.000000   Etimer45         0     112112112040101110000000000011000011111101011(142)(183)(115)(180)(77)(202)(97)0(205)(195)(77)0(239)0(98)(141)
  2011   315.000000      1.000000     316.000000   Etimer36         0     112112112040101110000000000011000011111101011(142)(183)(115)(180)(77)(202)(97)0(205)(195)(77)0(239)0(98)(142)
  2012   315.000000      1.000000     316.000000   Etimer35         0     112112112040101110000000000011000011111101011(142)(183)(116)(180)(77)(202)(97)0(205)(195)(77)0(239)0(98)(142)
  2013   315.000000      1.000000     316.000000   Etimer44         0     112112112040101110000000000011000011111101011(142)(184)(116)(180)(77)(202)(97)0(205)(195)(77)0(239)0(98)(142)
  2014   315.000000      1.000000     316.000000   Etimer40         0     112112112040101110000000000011000011111101011(142)(184)(116)(180)(77)(202)(98)0(205)(195)(77)0(239)0(98)(142)
  2015   315.000000      1.000000     316.000000   Etimer39         0     112112112040101110000000000011000011111101011(142)(184)(116)(180)(77)(202)(98)0(205)(196)(77)0(239)0(98)(142)
  2016   315.000000      1.000000     316.000000   Etimer42         0     112112112040101110000000000011000011111101011(142)(184)(116)(180)(77)(202)(98)0(206)(196)(77)0(239)0(98)(142)
  2017   316.000000      1.000000     317.000000   Etimer44         0     112112112040101110000000000011000011111101011(142)(184)(116)(180)(77)(202)(98)0(206)(196)(77)0(240)0(98)(142)
  2018   316.000000      1.000000     317.000000   Etimer35         0     112112112040101110000000000011000011111101011(142)(184)(116)(180)(77)(202)(98)0(206)(196)(77)0(240)0(99)(142)
  2019   316.000000      1.000000     317.000000   Etimer42         0     112112112040101110000000000011000011111101011(142)(185)(116)(180)(77)(202)(98)0(206)(196)(77)0(240)0(99)(142)
  2020   316.000000      1.000000     317.000000   Etimer45         0     112112112040101110000000000011000011111101011(142)(185)(116)(180)(77)(202)(98)0(206)(196)(77)0(241)0(99)(142)
  2021   316.000000      1.000000     317.000000   Etimer40         0     112112112040101110000000000011000011111101011(142)(185)(116)(180)(77)(202)(98)0(206)(196)(77)0(241)0(99)(143)
  2022   316.000000      1.000000     317.000000   Etimer36         0     112112112040101110000000000011000011111101011(142)(185)(116)(180)(77)(202)(98)0(206)(197)(77)0(241)0(99)(143)
  2023   316.000000      1.000000     317.000000   Etimer39         0     112112112040101110000000000011000011111101011(142)(185)(117)(180)(77)(202)(98)0(206)(197)(77)0(241)0(99)(143)
  2024   316.000000      1.000000     317.000000   Etimer37         0     112112112040101110000000000011000011111101011(142)(185)(117)(180)(77)(202)(98)0(207)(197)(77)0(241)0(99)(143)
  2025   316.000000      1.000000     317.000000   Etimer38         0     112112112040101110000000000011000011111101011(142)(185)(117)(181)(77)(202)(98)0(207)(197)(77)0(241)0(99)(143)
  2026   316.000000      1.000000     317.000000   Etimer45         0     112112112040101110000000000011000011111101011(142)(185)(117)(181)(77)(203)(98)0(207)(197)(77)0(241)0(99)(143)
  2027   316.000000      1.000000     317.000000   Etimer44         0     112112112040101110000000000011000011111101011(143)(185)(117)(181)(77)(203)(98)0(207)(197)(77)0(241)0(99)(143)
  2028   317.000000      1.000000     318.000000   Etimer38         0     112112112040101110000000000011000011111101011(143)(185)(117)(181)(77)(203)(99)0(207)(197)(77)0(241)0(99)(143)
  2029   317.000000      1.000000     318.000000   Etimer45         0     112112112040101110000000000011000011111101011(143)(185)(117)(181)(77)(204)(99)0(207)(197)(77)0(241)0(99)(143)
  2030   317.000000      1.000000     318.000000   Etimer37         0     112112112040101110000000000011000011111101011(143)(185)(117)(181)(77)(204)(99)0(207)(197)(77)0(241)0(99)(144)
  2031   317.000000      1.000000     318.000000   Etimer45         0     112112112040101110000000000011000011111101011(143)(185)(117)(182)(77)(204)(99)0(207)(197)(77)0(241)0(99)(144)
  2032   317.000000      1.000000     318.000000   Etimer42         0     112112112040101110000000000011000011111101011(144)(185)(117)(182)(77)(204)(99)0(207)(197)(77)0(241)0(99)(144)
  2033   317.000000      1.000000     318.000000   Etimer44         0     112112112040101110000000000011000011111101011(144)(185)(117)(182)(77)(204)(99)0(207)(197)(77)0(242)0(99)(144)
  2034   317.000000      1.000000     318.000000   Etimer44         0     112112112040101110000000000011000011111101011(144)(185)(117)(182)(77)(204)(100)0(207)(197)(77)0(242)0(99)(144)
  2035   317.000000      1.000000     318.000000   Etimer35         0     112112112040101110000000000011000011111101011(144)(185)(117)(182)(77)(204)(100)0(207)(197)(77)0(242)0(100)(144)
  2036   317.000000      1.000000     318.000000   Etimer36         0     112112112040101110000000000011000011111101011(144)(186)(117)(182)(77)(204)(100)0(207)(197)(77)0(242)0(100)(144)
  2037   317.000000      1.000000     318.000000   Etimer40         0     112112112040101110000000000011000011111101011(144)(186)(118)(182)(77)(204)(100)0(207)(197)(77)0(242)0(100)(144)
  2038   317.000000      1.000000     318.000000   Etimer39         0     112112112040101110000000000011000011111101011(144)(186)(118)(182)(77)(204)(100)0(207)(198)(77)0(242)0(100)(144)
  2039   318.000000      1.000000     319.000000   Etimer36         0     112112112040101110000000000011000011111101011(144)(186)(118)(182)(77)(204)(100)0(208)(198)(77)0(242)0(100)(144)
  2040   318.000000      1.000000     319.000000   Etimer35         0     112112112040101110000000000011000011111101011(144)(186)(119)(182)(77)(204)(100)0(208)(198)(77)0(242)0(100)(144)
  2041   318.000000      1.000000     319.000000   Etimer42         0     112112112040101110000000000011000011111101011(144)(187)(119)(182)(77)(204)(100)0(208)(198)(77)0(242)0(100)(144)
  2042   318.000000      1.000000     319.000000   Etimer38         0     112112112040101110000000000011000011111101011(144)(187)(119)(182)(77)(204)(100)0(208)(198)(77)0(243)0(100)(144)
  2043   318.000000      1.000000     319.000000   Etimer39         0     112112112040101110000000000011000011111101011(144)(187)(119)(182)(77)(205)(100)0(208)(198)(77)0(243)0(100)(144)
  2044   318.000000      1.000000     319.000000   Etimer44         0     112112112040101110000000000011000011111101011(144)(187)(119)(182)(77)(205)(100)0(209)(198)(77)0(243)0(100)(144)
  2045   318.000000      1.000000     319.000000   Etimer45         0     112112112040101110000000000011000011111101011(144)(187)(119)(182)(77)(205)(100)0(209)(198)(77)0(243)0(101)(144)
  2046   318.000000      1.000000     319.000000   Etimer40         0     112112112040101110000000000011000011111101011(144)(187)(119)(182)(77)(205)(100)0(209)(198)(77)0(243)0(101)(145)
  2047   318.000000      1.000000     319.000000   Etimer37         0     112112112040101110000000000011000011111101011(144)(187)(119)(182)(77)(205)(100)0(209)(199)(77)0(243)0(101)(145)
  2048   318.000000      1.000000     319.000000   Etimer44         0     112112112040101110000000000011000011111101011(144)(187)(119)(183)(77)(205)(100)0(209)(199)(77)0(243)0(101)(145)
  2049   318.000000      1.000000     319.000000   Etimer45         0     112112112040101110000000000011000011111101011(144)(187)(119)(183)(77)(205)(101)0(209)(199)(77)0(243)0(101)(145)
  2050   319.000000      1.000000     320.000000   Etimer39         0     112112112040101110000000000011000011111101011(145)(187)(119)(183)(77)(205)(101)0(209)(199)(77)0(243)0(101)(145)
  2051   319.000000      1.000000     320.000000   Etimer42         0     112112112040101110000000000011000011111101011(145)(187)(119)(183)(77)(205)(101)0(210)(199)(77)0(243)0(101)(145)
  2052   319.000000      1.000000     320.000000   Etimer36         0     112112112040101110000000000011000011111101011(145)(187)(119)(183)(77)(205)(101)0(210)(199)(77)0(244)0(101)(145)
  2053   319.000000      1.000000     320.000000   Etimer44         0     112112112040101110000000000011000011111101011(145)(187)(120)(183)(77)(205)(101)0(210)(199)(77)0(244)0(101)(145)
  2054   319.000000      1.000000     320.000000   Etimer37         0     112112112040101110000000000011000011111101011(145)(187)(120)(183)(77)(205)(101)0(210)(199)(77)0(244)0(102)(145)
  2055   319.000000      1.000000     320.000000   Etimer44         0     112112112040101110000000000011000011111101011(145)(187)(120)(184)(77)(205)(101)0(210)(199)(77)0(244)0(102)(145)
  2056   319.000000      1.000000     320.000000   Etimer40         0     112112112040101110000000000011000011111101011(145)(187)(120)(184)(77)(205)(102)0(210)(199)(77)0(244)0(102)(145)
  2057   319.000000      1.000000     320.000000   Etimer38         0     112112112040101110000000000011000011111101011(145)(187)(120)(184)(77)(205)(102)0(210)(200)(77)0(244)0(102)(145)
  2058   319.000000      1.000000     320.000000   Etimer35         0     112112112040101110000000000011000011111101011(145)(187)(120)(184)(77)(206)(102)0(210)(200)(77)0(244)0(102)(145)
  2059   319.000000      1.000000     320.000000   Etimer45         0     112112112040101110000000000011000011111101011(145)(188)(120)(184)(77)(206)(102)0(210)(200)(77)0(244)0(102)(145)
  2060   319.000000      1.000000     320.000000   Etimer45         0     112112112040101110000000000011000011111101011(145)(188)(120)(184)(77)(206)(102)0(210)(200)(77)0(244)0(102)(146)
  2061   320.000000      1.000000     321.000000   Etimer39         0     112112112040101110000000000011000011111101011(146)(188)(120)(184)(77)(206)(102)0(210)(200)(77)0(244)0(102)(146)
  2062   320.000000      1.000000     321.000000   Etimer42         0     112112112040101110000000000011000011111101011(146)(188)(120)(184)(77)(206)(102)0(211)(200)(77)0(244)0(102)(146)
  2063   320.000000      1.000000     321.000000   Etimer45         0     112112112040101110000000000011000011111101011(146)(188)(120)(184)(77)(206)(102)0(211)(200)(77)0(245)0(102)(146)
  2064   320.000000      1.000000     321.000000   Etimer45         0     112112112040101110000000000011000011111101011(147)(188)(120)(184)(77)(206)(102)0(211)(200)(77)0(245)0(102)(146)
  2065   320.000000      1.000000     321.000000   Etimer38         0     112112112040101110000000000011000011111101011(147)(188)(120)(184)(77)(206)(102)0(211)(200)(77)0(245)0(102)(147)
  2066   320.000000      1.000000     321.000000   Etimer36         0     112112112040101110000000000011000011111101011(147)(188)(120)(184)(77)(207)(102)0(211)(200)(77)0(245)0(102)(147)
  2067   320.000000      1.000000     321.000000   Etimer44         0     112112112040101110000000000011000011111101011(147)(188)(121)(184)(77)(207)(102)0(211)(200)(77)0(245)0(102)(147)
  2068   320.000000      1.000000     321.000000   Etimer40         0     112112112040101110000000000011000011111101011(147)(188)(121)(184)(77)(207)(102)0(211)(200)(77)0(245)0(103)(147)
  2069   320.000000      1.000000     321.000000   Etimer37         0     112112112040101110000000000011000011111101011(147)(188)(121)(184)(77)(207)(102)0(211)(201)(77)0(245)0(103)(147)
  2070   320.000000      1.000000     321.000000   Etimer35         0     112112112040101110000000000011000011111101011(147)(188)(121)(185)(77)(207)(102)0(211)(201)(77)0(245)0(103)(147)
  2071   320.000000      1.000000     321.000000   Etimer44         0     112112112040101110000000000011000011111101011(147)(189)(121)(185)(77)(207)(102)0(211)(201)(77)0(245)0(103)(147)
  2072   261.000000     60.000000     321.000000   T10              0     112112112040101110000000000011000011111101011(147)(189)(121)(185)(77)(207)(103)0(211)(201)(77)0(245)0(103)(147)
  2073   321.000000      1.000000     322.000000   Etimer41         0     112112112140101110000000000001000011111111011(147)(189)(121)(185)(77)(207)(103)0(211)(201)(77)0(245)0(103)(147)
  2074   321.000000      1.000000     322.000000   Etimer39         0     112112112140101110000000000001000011111111011(147)(189)(121)(185)(78)(207)(103)0(211)(201)(77)0(245)0(103)(147)
  2075   321.000000      1.000000     322.000000   Etimer35         0     112112112140101110000000000001000011111111011(147)(189)(121)(185)(78)(207)(103)0(212)(201)(77)0(245)0(103)(147)
  2076   321.000000      1.000000     322.000000   Etimer44         0     112112112140101110000000000001000011111111011(147)(190)(121)(185)(78)(207)(103)0(212)(201)(77)0(245)0(103)(147)
  2077   321.000000      1.000000     322.000000   Etimer42         0     112112112140101110000000000001000011111111011(147)(190)(121)(185)(78)(207)(103)0(212)(201)(77)0(245)0(104)(147)
  2078   321.000000      1.000000     322.000000   Etimer38         0     112112112140101110000000000001000011111111011(147)(190)(121)(185)(78)(207)(103)0(212)(201)(77)0(246)0(104)(147)
  2079   321.000000      1.000000     322.000000   Etimer36         0     112112112140101110000000000001000011111111011(147)(190)(121)(185)(78)(208)(103)0(212)(201)(77)0(246)0(104)(147)
  2080   321.000000      1.000000     322.000000   Etimer45         0     112112112140101110000000000001000011111111011(147)(190)(122)(185)(78)(208)(103)0(212)(201)(77)0(246)0(104)(147)
  2081   321.000000      1.000000     322.000000   Etimer41         0     112112112140101110000000000001000011111111011(148)(190)(122)(185)(78)(208)(103)0(212)(201)(77)0(246)0(104)(147)
  2082   321.000000      1.000000     322.000000   Etimer45         0     112112112140101110000000000001000011111111011(148)(190)(122)(185)(78)(208)(103)0(212)(201)(78)0(246)0(104)(147)
  2083   321.000000      1.000000     322.000000   Etimer40         0     112112112140101110000000000001000011111111011(148)(190)(122)(185)(78)(208)(103)0(212)(201)(78)0(246)0(104)(148)
  2084   321.000000      1.000000     322.000000   Etimer44         0     112112112140101110000000000001000011111111011(148)(190)(122)(185)(78)(208)(103)0(212)(202)(78)0(246)0(104)(148)
  2085   321.000000      1.000000     322.000000   Etimer37         0     112112112140101110000000000001000011111111011(148)(190)(122)(185)(78)(208)(104)0(212)(202)(78)0(246)0(104)(148)
  2086   322.000000      1.000000     323.000000   Etimer44         0     112112112140101110000000000001000011111111011(148)(190)(122)(186)(78)(208)(104)0(212)(202)(78)0(246)0(104)(148)
  2087   322.000000      1.000000     323.000000   Etimer41         0     112112112140101110000000000001000011111111011(148)(190)(122)(186)(78)(208)(105)0(212)(202)(78)0(246)0(104)(148)
  2088   322.000000      1.000000     323.000000   Etimer41         0     112112112140101110000000000001000011111111011(148)(190)(122)(186)(79)(208)(105)0(212)(202)(78)0(246)0(104)(148)
  2089   322.000000      1.000000     323.000000   Etimer37         0     112112112140101110000000000001000011111111011(148)(190)(122)(186)(79)(208)(105)0(212)(202)(79)0(246)0(104)(148)
  2090   322.000000      1.000000     323.000000   Etimer36         0     112112112140101110000000000001000011111111011(148)(190)(122)(187)(79)(208)(105)0(212)(202)(79)0(246)0(104)(148)
  2091   322.000000      1.000000     323.000000   Etimer38         0     112112112140101110000000000001000011111111011(148)(190)(123)(187)(79)(208)(105)0(212)(202)(79)0(246)0(104)(148)
  2092   322.000000      1.000000     323.000000   Etimer45         0     112112112140101110000000000001000011111111011(148)(190)(123)(187)(79)(209)(105)0(212)(202)(79)0(246)0(104)(148)
  2093   322.000000      1.000000     323.000000   Etimer39         0     112112112140101110000000000001000011111111011(149)(190)(123)(187)(79)(209)(105)0(212)(202)(79)0(246)0(104)(148)
  2094   322.000000      1.000000     323.000000   Etimer40         0     112112112140101110000000000001000011111111011(149)(190)(123)(187)(79)(209)(105)0(213)(202)(79)0(246)0(104)(148)
  2095   322.000000      1.000000     323.000000   Etimer44         0     112112112140101110000000000001000011111111011(149)(190)(123)(187)(79)(209)(105)0(213)(203)(79)0(246)0(104)(148)
  2096   322.000000      1.000000     323.000000   Etimer42         0     112112112140101110000000000001000011111111011(149)(190)(123)(187)(79)(209)(105)0(213)(203)(79)0(246)0(105)(148)
  2097   322.000000      1.000000     323.000000   Etimer45         0     112112112140101110000000000001000011111111011(149)(190)(123)(187)(79)(209)(105)0(213)(203)(79)0(247)0(105)(148)
  2098   322.000000      1.000000     323.000000   Etimer35         0     112112112140101110000000000001000011111111011(149)(190)(123)(187)(79)(209)(105)0(213)(203)(79)0(247)0(105)(149)
  2099   323.000000      1.000000     324.000000   Etimer38         0     112112112140101110000000000001000011111111011(149)(191)(123)(187)(79)(209)(105)0(213)(203)(79)0(247)0(105)(149)
  2100   323.000000      1.000000     324.000000   Etimer42         0     112112112140101110000000000001000011111111011(149)(191)(123)(187)(79)(210)(105)0(213)(203)(79)0(247)0(105)(149)
  2101   323.000000      1.000000     324.000000   Etimer44         0     112112112140101110000000000001000011111111011(149)(191)(123)(187)(79)(210)(105)0(213)(203)(79)0(248)0(105)(149)
  2102   323.000000      1.000000     324.000000   Etimer37         0     112112112140101110000000000001000011111111011(149)(191)(123)(187)(79)(210)(106)0(213)(203)(79)0(248)0(105)(149)
  2103   323.000000      1.000000     324.000000   Etimer45         0     112112112140101110000000000001000011111111011(149)(191)(123)(188)(79)(210)(106)0(213)(203)(79)0(248)0(105)(149)
  2104   323.000000      1.000000     324.000000   Etimer39         0     112112112140101110000000000001000011111111011(150)(191)(123)(188)(79)(210)(106)0(213)(203)(79)0(248)0(105)(149)
  2105   323.000000      1.000000     324.000000   Etimer35         0     112112112140101110000000000001000011111111011(150)(191)(123)(188)(79)(210)(106)0(214)(203)(79)0(248)0(105)(149)
  2106   323.000000      1.000000     324.000000   Etimer40         0     112112112140101110000000000001000011111111011(150)(192)(123)(188)(79)(210)(106)0(214)(203)(79)0(248)0(105)(149)
  2107   323.000000      1.000000     324.000000   Etimer41         0     112112112140101110000000000001000011111111011(150)(192)(123)(188)(79)(210)(106)0(214)(204)(79)0(248)0(105)(149)
  2108   323.000000      1.000000     324.000000   Etimer36         0     112112112140101110000000000001000011111111011(150)(192)(123)(188)(79)(210)(106)0(214)(204)(80)0(248)0(105)(149)
  2109   323.000000      1.000000     324.000000   Etimer45         0     112112112140101110000000000001000011111111011(150)(192)(124)(188)(79)(210)(106)0(214)(204)(80)0(248)0(105)(149)
  2110   323.000000      1.000000     324.000000   Etimer44         0     112112112140101110000000000001000011111111011(150)(192)(124)(188)(79)(210)(106)0(214)(204)(80)0(248)0(105)(150)
  2111   323.000000      1.000000     324.000000   Etimer41         0     112112112140101110000000000001000011111111011(150)(192)(124)(188)(79)(210)(106)0(214)(204)(80)0(248)0(106)(150)
  2112   324.000000      1.000000     325.000000   Etimer39         0     112112112140101110000000000001000011111111011(150)(192)(124)(188)(80)(210)(106)0(214)(204)(80)0(248)0(106)(150)
  2113   324.000000      1.000000     325.000000   Etimer45         0     112112112140101110000000000001000011111111011(150)(192)(124)(188)(80)(210)(106)0(215)(204)(80)0(248)0(106)(150)
  2114   324.000000      1.000000     325.000000   Etimer44         0     112112112140101110000000000001000011111111011(151)(192)(124)(188)(80)(210)(106)0(215)(204)(80)0(248)0(106)(150)
  2115   324.000000      1.000000     325.000000   Etimer36         0     112112112140101110000000000001000011111111011(151)(192)(124)(188)(80)(210)(107)0(215)(204)(80)0(248)0(106)(150)
  2116   324.000000      1.000000     325.000000   Etimer40         0     112112112140101110000000000001000011111111011(151)(192)(125)(188)(80)(210)(107)0(215)(204)(80)0(248)0(106)(150)
  2117   324.000000      1.000000     325.000000   Etimer38         0     112112112140101110000000000001000011111111011(151)(192)(125)(188)(80)(210)(107)0(215)(205)(80)0(248)0(106)(150)
  2118   324.000000      1.000000     325.000000   Etimer41         0     112112112140101110000000000001000011111111011(151)(192)(125)(188)(80)(211)(107)0(215)(205)(80)0(248)0(106)(150)
  2119   324.000000      1.000000     325.000000   Etimer37         0     112112112140101110000000000001000011111111011(151)(192)(125)(188)(80)(211)(107)0(215)(205)(81)0(248)0(106)(150)
  2120   324.000000      1.000000     325.000000   Etimer42         0     112112112140101110000000000001000011111111011(151)(192)(125)(189)(80)(211)(107)0(215)(205)(81)0(248)0(106)(150)
  2121   324.000000      1.000000     325.000000   Etimer44         0     112112112140101110000000000001000011111111011(151)(192)(125)(189)(80)(211)(107)0(215)(205)(81)0(249)0(106)(150)
  2122   324.000000      1.000000     325.000000   Etimer41         0     112112112140101110000000000001000011111111011(151)(192)(125)(189)(80)(211)(107)0(215)(205)(81)0(249)0(107)(150)
  2123   324.000000      1.000000     325.000000   Etimer45         0     112112112140101110000000000001000011111111011(151)(192)(125)(189)(81)(211)(107)0(215)(205)(81)0(249)0(107)(150)
  2124   324.000000      1.000000     325.000000   Etimer35         0     112112112140101110000000000001000011111111011(151)(192)(125)(189)(81)(211)(107)0(215)(205)(81)0(249)0(107)(151)
  2125   325.000000      1.000000     326.000000   Etimer44         0     112112112140101110000000000001000011111111011(151)(193)(125)(189)(81)(211)(107)0(215)(205)(81)0(249)0(107)(151)
  2126   325.000000      1.000000     326.000000   Etimer39         0     112112112140101110000000000001000011111111011(151)(193)(125)(189)(81)(211)(108)0(215)(205)(81)0(249)0(107)(151)
  2127   325.000000      1.000000     326.000000   Etimer45         0     112112112140101110000000000001000011111111011(151)(193)(125)(189)(81)(211)(108)0(216)(205)(81)0(249)0(107)(151)
  2128   325.000000      1.000000     326.000000   Etimer41         0     112112112140101110000000000001000011111111011(151)(193)(125)(189)(81)(211)(108)0(216)(205)(81)0(249)0(107)(152)
  2129   325.000000      1.000000     326.000000   Etimer36         0     112112112140101110000000000001000011111111011(151)(193)(125)(189)(82)(211)(108)0(216)(205)(81)0(249)0(107)(152)
  2130   325.000000      1.000000     326.000000   Etimer37         0     112112112140101110000000000001000011111111011(151)(193)(126)(189)(82)(211)(108)0(216)(205)(81)0(249)0(107)(152)
  2131   325.000000      1.000000     326.000000   Etimer44         0     112112112140101110000000000001000011111111011(151)(193)(126)(190)(82)(211)(108)0(216)(205)(81)0(249)0(107)(152)
  2132   325.000000      1.000000     326.000000   Etimer41         0     112112112140101110000000000001000011111111011(151)(193)(126)(190)(82)(211)(108)0(216)(205)(81)0(249)0(108)(152)
  2133   325.000000      1.000000     326.000000   Etimer35         0     112112112140101110000000000001000011111111011(151)(193)(126)(190)(82)(211)(108)0(216)(205)(82)0(249)0(108)(152)
  2134   325.000000      1.000000     326.000000   Etimer42         0     112112112140101110000000000001000011111111011(151)(194)(126)(190)(82)(211)(108)0(216)(205)(82)0(249)0(108)(152)
  2135   325.000000      1.000000     326.000000   Etimer38         0     112112112140101110000000000001000011111111011(151)(194)(126)(190)(82)(211)(108)0(216)(205)(82)0(250)0(108)(152)
  2136   325.000000      1.000000     326.000000   Etimer45         0     112112112140101110000000000001000011111111011(151)(194)(126)(190)(82)(212)(108)0(216)(205)(82)0(250)0(108)(152)
  2137   325.000000      1.000000     326.000000   Etimer40         0     112112112140101110000000000001000011111111011(152)(194)(126)(190)(82)(212)(108)0(216)(205)(82)0(250)0(108)(152)
  2138   326.000000      1.000000     327.000000   Etimer40         0     112112112140101110000000000001000011111111011(152)(194)(126)(190)(82)(212)(108)0(216)(206)(82)0(250)0(108)(152)
  2139   326.000000      1.000000     327.000000   Etimer37         0     112112112140101110000000000001000011111111011(152)(194)(126)(190)(82)(212)(108)0(216)(207)(82)0(250)0(108)(152)
  2140   326.000000      1.000000     327.000000   Etimer35         0     112112112140101110000000000001000011111111011(152)(194)(126)(191)(82)(212)(108)0(216)(207)(82)0(250)0(108)(152)
  2141   326.000000      1.000000     327.000000   Etimer44         0     112112112140101110000000000001000011111111011(152)(195)(126)(191)(82)(212)(108)0(216)(207)(82)0(250)0(108)(152)
  2142   326.000000      1.000000     327.000000   Etimer45         0     112112112140101110000000000001000011111111011(152)(195)(126)(191)(82)(212)(108)0(216)(207)(82)0(250)0(109)(152)
  2143   326.000000      1.000000     327.000000   Etimer44         0     112112112140101110000000000001000011111111011(153)(195)(126)(191)(82)(212)(108)0(216)(207)(82)0(250)0(109)(152)
  2144   326.000000      1.000000     327.000000   Etimer42         0     112112112140101110000000000001000011111111011(153)(195)(126)(191)(82)(212)(109)0(216)(207)(82)0(250)0(109)(152)
  2145   326.000000      1.000000     327.000000   Etimer39         0     112112112140101110000000000001000011111111011(153)(195)(126)(191)(82)(212)(109)0(216)(207)(82)0(251)0(109)(152)
  2146   326.000000      1.000000     327.000000   Etimer36         0     112112112140101110000000000001000011111111011(153)(195)(126)(191)(82)(212)(109)0(217)(207)(82)0(251)0(109)(152)
  2147   326.000000      1.000000     327.000000   Etimer41         0     112112112140101110000000000001000011111111011(153)(195)(127)(191)(82)(212)(109)0(217)(207)(82)0(251)0(109)(152)
  2148   326.000000      1.000000     327.000000   Etimer41         0     112112112140101110000000000001000011111111011(153)(195)(127)(191)(82)(212)(109)0(217)(207)(83)0(251)0(109)(152)
  2149   326.000000      1.000000     327.000000   Etimer38         0     112112112140101110000000000001000011111111011(153)(195)(127)(191)(83)(212)(109)0(217)(207)(83)0(251)0(109)(152)
  2150   326.000000      1.000000     327.000000   Etimer45         0     112112112140101110000000000001000011111111011(153)(195)(127)(191)(83)(213)(109)0(217)(207)(83)0(251)0(109)(152)
  2151   327.000000      1.000000     328.000000   Etimer41         0     112112112140101110000000000001000011111111011(153)(195)(127)(191)(83)(213)(109)0(217)(207)(83)0(251)0(109)(153)
  2152   327.000000      1.000000     328.000000   Etimer36         0     112112112140101110000000000001000011111111011(153)(195)(127)(191)(83)(213)(109)0(217)(207)(84)0(251)0(109)(153)
  2153   327.000000      1.000000     328.000000   Etimer44         0     112112112140101110000000000001000011111111011(153)(195)(128)(191)(83)(213)(109)0(217)(207)(84)0(251)0(109)(153)
  2154   327.000000      1.000000     328.000000   Etimer45         0     112112112140101110000000000001000011111111011(153)(195)(128)(191)(83)(213)(110)0(217)(207)(84)0(251)0(109)(153)
  2155   327.000000      1.000000     328.000000   Etimer39         0     112112112140101110000000000001000011111111011(154)(195)(128)(191)(83)(213)(110)0(217)(207)(84)0(251)0(109)(153)
  2156   327.000000      1.000000     328.000000   Etimer42         0     112112112140101110000000000001000011111111011(154)(195)(128)(191)(83)(213)(110)0(218)(207)(84)0(251)0(109)(153)
  2157   327.000000      1.000000     328.000000   Etimer44         0     112112112140101110000000000001000011111111011(154)(195)(128)(191)(83)(213)(110)0(218)(207)(84)0(252)0(109)(153)
  2158   327.000000      1.000000     328.000000   Etimer35         0     112112112140101110000000000001000011111111011(154)(195)(128)(191)(83)(213)(110)0(218)(207)(84)0(252)0(110)(153)
  2159   327.000000      1.000000     328.000000   Etimer37         0     112112112140101110000000000001000011111111011(154)(196)(128)(191)(83)(213)(110)0(218)(207)(84)0(252)0(110)(153)
  2160   327.000000      1.000000     328.000000   Etimer41         0     112112112140101110000000000001000011111111011(154)(196)(128)(192)(83)(213)(110)0(218)(207)(84)0(252)0(110)(153)
  2161   327.000000      1.000000     328.000000   Etimer40         0     112112112140101110000000000001000011111111011(154)(196)(128)(192)(84)(213)(110)0(218)(207)(84)0(252)0(110)(153)
  2162   327.000000      1.000000     328.000000   Etimer45         0     112112112140101110000000000001000011111111011(154)(196)(128)(192)(84)(213)(110)0(218)(208)(84)0(252)0(110)(153)
  2163   327.000000      1.000000     328.000000   Etimer38         0     112112112140101110000000000001000011111111011(154)(196)(128)(192)(84)(213)(110)0(218)(208)(84)0(252)0(110)(154)
  2164   328.000000      1.000000     329.000000   Etimer44         0     112112112140101110000000000001000011111111011(154)(196)(128)(192)(84)(214)(110)0(218)(208)(84)0(252)0(110)(154)
  2165   328.000000      1.000000     329.000000   Etimer41         0     112112112140101110000000000001000011111111011(154)(196)(128)(192)(84)(214)(111)0(218)(208)(84)0(252)0(110)(154)
  2166   328.000000      1.000000     329.000000   Etimer42         0     112112112140101110000000000001000011111111011(154)(196)(128)(192)(85)(214)(111)0(218)(208)(84)0(252)0(110)(154)
  2167   328.000000      1.000000     329.000000   Etimer41         0     112112112140101110000000000001000011111111011(154)(196)(128)(192)(85)(214)(111)0(218)(208)(84)0(253)0(110)(154)
  2168   328.000000      1.000000     329.000000   Etimer44         0     112112112140101110000000000001000011111111011(154)(196)(128)(192)(85)(214)(111)0(218)(208)(85)0(253)0(110)(154)
  2169   328.000000      1.000000     329.000000   Etimer39         0     112112112140101110000000000001000011111111011(154)(196)(128)(192)(85)(214)(111)0(218)(208)(85)0(253)0(111)(154)
  2170   328.000000      1.000000     329.000000   Etimer37         0     112112112140101110000000000001000011111111011(154)(196)(128)(192)(85)(214)(111)0(219)(208)(85)0(253)0(111)(154)
  2171   328.000000      1.000000     329.000000   Etimer45         0     112112112140101110000000000001000011111111011(154)(196)(128)(193)(85)(214)(111)0(219)(208)(85)0(253)0(111)(154)
  2172   328.000000      1.000000     329.000000   Etimer35         0     112112112140101110000000000001000011111111011(154)(196)(128)(193)(85)(214)(111)0(219)(208)(85)0(253)0(111)(155)
  2173   328.000000      1.000000     329.000000   Etimer36         0     112112112140101110000000000001000011111111011(154)(197)(128)(193)(85)(214)(111)0(219)(208)(85)0(253)0(111)(155)
  2174   328.000000      1.000000     329.000000   Etimer45         0     112112112140101110000000000001000011111111011(154)(197)(129)(193)(85)(214)(111)0(219)(208)(85)0(253)0(111)(155)
  2175   328.000000      1.000000     329.000000   Etimer38         0     112112112140101110000000000001000011111111011(155)(197)(129)(193)(85)(214)(111)0(219)(208)(85)0(253)0(111)(155)
  2176   328.000000      1.000000     329.000000   Etimer40         0     112112112140101110000000000001000011111111011(155)(197)(129)(193)(85)(215)(111)0(219)(208)(85)0(253)0(111)(155)
  2177   329.000000      1.000000     330.000000   Etimer38         0     112112112140101110000000000001000011111111011(155)(197)(129)(193)(85)(215)(111)0(219)(209)(85)0(253)0(111)(155)
  2178   329.000000      1.000000     330.000000   Etimer39         0     112112112140101110000000000001000011111111011(155)(197)(129)(193)(85)(216)(111)0(219)(209)(85)0(253)0(111)(155)
  2179   329.000000      1.000000     330.000000   Etimer44         0     112112112140101110000000000001000011111111011(155)(197)(129)(193)(85)(216)(111)0(220)(209)(85)0(253)0(111)(155)
  2180   329.000000      1.000000     330.000000   Etimer37         0     112112112140101110000000000001000011111111011(155)(197)(129)(193)(85)(216)(112)0(220)(209)(85)0(253)0(111)(155)
  2181   329.000000      1.000000     330.000000   Etimer40         0     112112112140101110000000000001000011111111011(155)(197)(129)(194)(85)(216)(112)0(220)(209)(85)0(253)0(111)(155)
  2182   329.000000      1.000000     330.000000   Etimer35         0     112112112140101110000000000001000011111111011(155)(197)(129)(194)(85)(216)(112)0(220)(210)(85)0(253)0(111)(155)
  2183   329.000000      1.000000     330.000000   Etimer45         0     112112112140101110000000000001000011111111011(155)(198)(129)(194)(85)(216)(112)0(220)(210)(85)0(253)0(111)(155)
  2184   329.000000      1.000000     330.000000   Etimer41         0     112112112140101110000000000001000011111111011(155)(198)(129)(194)(85)(216)(112)0(220)(210)(85)0(253)0(111)(156)
  2185   329.000000      1.000000     330.000000   Etimer42         0     112112112140101110000000000001000011111111011(155)(198)(129)(194)(85)(216)(112)0(220)(210)(86)0(253)0(111)(156)
  2186   329.000000      1.000000     330.000000   Etimer36         0     112112112140101110000000000001000011111111011(155)(198)(129)(194)(85)(216)(112)0(220)(210)(86)0(254)0(111)(156)
  2187   329.000000      1.000000     330.000000   Etimer45         0     112112112140101110000000000001000011111111011(155)(198)(130)(194)(85)(216)(112)0(220)(210)(86)0(254)0(111)(156)
  2188   329.000000      1.000000     330.000000   Etimer41         0     112112112140101110000000000001000011111111011(156)(198)(130)(194)(85)(216)(112)0(220)(210)(86)0(254)0(111)(156)
  2189   329.000000      1.000000     330.000000   Etimer44         0     112112112140101110000000000001000011111111011(156)(198)(130)(194)(86)(216)(112)0(220)(210)(86)0(254)0(111)(156)
  2190   330.000000      1.000000     331.000000   Etimer36         0     112112112140101110000000000001000011111111011(156)(198)(130)(194)(86)(216)(112)0(220)(210)(86)0(254)0(112)(156)
  2191   330.000000      1.000000     331.000000   Etimer41         0     112112112140101110000000000001000011111111011(156)(198)(131)(194)(86)(216)(112)0(220)(210)(86)0(254)0(112)(156)
  2192   330.000000      1.000000     331.000000   Etimer44         0     112112112140101110000000000001000011111111011(156)(198)(131)(194)(86)(216)(112)0(220)(210)(87)0(254)0(112)(156)
  2193   330.000000      1.000000     331.000000   Etimer37         0     112112112140101110000000000001000011111111011(156)(198)(131)(194)(86)(216)(113)0(220)(210)(87)0(254)0(112)(156)
  2194   330.000000      1.000000     331.000000   Etimer35         0     112112112140101110000000000001000011111111011(156)(198)(131)(195)(86)(216)(113)0(220)(210)(87)0(254)0(112)(156)
  2195   330.000000      1.000000     331.000000   Etimer42         0     112112112140101110000000000001000011111111011(156)(199)(131)(195)(86)(216)(113)0(220)(210)(87)0(254)0(112)(156)
  2196   330.000000      1.000000     331.000000   Etimer40         0     112112112140101110000000000001000011111111011(156)(199)(131)(195)(86)(216)(113)0(220)(210)(87)0(255)0(112)(156)
  2197   330.000000      1.000000     331.000000   Etimer45         0     112112112140101110000000000001000011111111011(156)(199)(131)(195)(86)(216)(113)0(220)(211)(87)0(255)0(112)(156)
  2198   330.000000      1.000000     331.000000   Etimer44         0     112112112140101110000000000001000011111111011(157)(199)(131)(195)(86)(216)(113)0(220)(211)(87)0(255)0(112)(156)
  2199   330.000000      1.000000     331.000000   Etimer41         0     112112112140101110000000000001000011111111011(157)(199)(131)(195)(86)(216)(113)0(220)(211)(87)0(255)0(113)(156)
  2200   330.000000      1.000000     331.000000   Etimer45         0     112112112140101110000000000001000011111111011(157)(199)(131)(195)(87)(216)(113)0(220)(211)(87)0(255)0(113)(156)
  2201   330.000000      1.000000     331.000000   Etimer39         0     112112112140101110000000000001000011111111011(157)(199)(131)(195)(87)(216)(113)0(220)(211)(87)0(255)0(113)(157)
  2202   330.000000      1.000000     331.000000   Etimer38         0     112112112140101110000000000001000011111111011(157)(199)(131)(195)(87)(216)(113)0(221)(211)(87)0(255)0(113)(157)
  2203   331.000000      1.000000     332.000000   Etimer41         0     112112112140101110000000000001000011111111011(157)(199)(131)(195)(87)(217)(113)0(221)(211)(87)0(255)0(113)(157)
  2204   331.000000      1.000000     332.000000   Etimer44         0     112112112140101110000000000001000011111111011(157)(199)(131)(195)(88)(217)(113)0(221)(211)(87)0(255)0(113)(157)
  2205   331.000000      1.000000     332.000000   Etimer37         0     112112112140101110000000000001000011111111011(157)(199)(131)(195)(88)(217)(114)0(221)(211)(87)0(255)0(113)(157)
  2206   331.000000      1.000000     332.000000   Etimer44         0     112112112140101110000000000001000011111111011(157)(199)(131)(196)(88)(217)(114)0(221)(211)(87)0(255)0(113)(157)
  2207   331.000000      1.000000     332.000000   Etimer41         0     112112112140101110000000000001000011111111011(157)(199)(131)(196)(88)(217)(114)0(221)(211)(87)0(255)0(114)(157)
  2208   331.000000      1.000000     332.000000   Etimer38         0     112112112140101110000000000001000011111111011(157)(199)(131)(196)(88)(217)(114)0(221)(211)(88)0(255)0(114)(157)
  2209   331.000000      1.000000     332.000000   Etimer39         0     112112112140101110000000000001000011111111011(157)(199)(131)(196)(88)(218)(114)0(221)(211)(88)0(255)0(114)(157)
  2210   331.000000      1.000000     332.000000   Etimer40         0     112112112140101110000000000001000011111111011(157)(199)(131)(196)(88)(218)(114)0(222)(211)(88)0(255)0(114)(157)
  2211   331.000000      1.000000     332.000000   Etimer42         0     112112112140101110000000000001000011111111011(157)(199)(131)(196)(88)(218)(114)0(222)(212)(88)0(255)0(114)(157)
  2212   331.000000      1.000000     332.000000   Etimer36         0     112112112140101110000000000001000011111111011(157)(199)(131)(196)(88)(218)(114)0(222)(212)(88)0(256)0(114)(157)
  2213   331.000000      1.000000     332.000000   Etimer35         0     112112112140101110000000000001000011111111011(157)(199)(132)(196)(88)(218)(114)0(222)(212)(88)0(256)0(114)(157)
  2214   331.000000      1.000000     332.000000   Etimer45         0     112112112140101110000000000001000011111111011(157)(200)(132)(196)(88)(218)(114)0(222)(212)(88)0(256)0(114)(157)
  2215   331.000000      1.000000     332.000000   Etimer45         0     112112112140101110000000000001000011111111011(158)(200)(132)(196)(88)(218)(114)0(222)(212)(88)0(256)0(114)(157)
  2216   243.000000     89.000000     332.000000   T11              0     112112112140101110000000000001000011111111011(158)(200)(132)(196)(88)(218)(114)0(222)(212)(88)0(256)0(114)(158)
  2217   332.000000      0.000000     332.000000   ImmTr14          0     112112112141101110000000000000000011111111111(158)(200)(132)(196)(88)(218)(114)0(222)(212)(88)0(256)0(114)(158)
  2218   332.000000      0.000000     332.000000   ImmTr13          0     112112112141001110000000000000010011111111011(158)(200)(132)(196)(88)(218)(114)0(222)(212)(88)0(256)0(114)(158)
  2219   332.000000      0.000000     332.000000   ImmTr3           0     112112112131001110000000000000110011111110011(158)(200)(132)(196)(88)(218)(114)0(222)(212)(88)0(256)0(114)(158)
  2220   332.000000      0.000000     332.000000   ImmTr2           0     102112112131001110001000000000110010111110011(158)(200)(132)(196)(88)(218)(114)0(222)(212)(88)0(256)0(114)(158)
  2221   332.000000      0.000000     332.000000   ImmTr1           0     002112112131001110011000000000110000111110011(158)(200)(132)(196)(88)(218)(114)0(222)(212)(88)0(256)0(114)(158)

RunTime=  332.000000 time unit    Sim_Time=  3.501102 sec
